date,open,high,low,close,volume
2021-10-11,359.58,363.2,358.3,358.39,27524531
2021-10-12,359.88,360.33,356.48,357.14,31338212
2021-10-13,359.49,360.69,357.43,360,29089744
2021-10-14,363.69,366.85,363.01,366.63,31660092
2021-10-15,367.88,369.06,366.82,368.94,21832416
2021-10-18,367.6,372.87,366.99,372.65,23227030
2021-10-19,373.74,375.52,373.05,375.47,20413146
2021-10-20,375.94,376.57,373.46,374.98,22108162
2021-10-21,374.16,377.47,373.85,377.27,17294496
2021-10-22,375.98,376.97,372.38,374.1,26488460
2021-10-25,375.57,378.87,373.56,377.93,23587984
2021-10-26,380.22,382.71,377.9,379.12,31199465
2021-10-27,379.58,383.15,379.31,380,30195414
2021-10-28,381.95,384.48,381.15,384.22,24203231
2021-10-29,381.06,386.28,380.7,386.11,26578752
2021-11-01,386.56,387.56,384.42,387.43,19433057
2021-11-02,386.8,389.54,386.75,389.05,17722859
2021-11-03,389.53,393.61,388.48,393.18,24806394
2021-11-04,394.46,399.2,393.92,398.22,28115871
2021-11-05,400.04,400.99,397.16,398.6,29825764
2021-11-08,398.57,399.62,397.4,398.06,19974432
2021-11-09,399.16,399.57,393.92,395.32,38550962
2021-11-10,392.47,395.36,387.53,389.51,41373738
2021-11-11,392.57,392.75,390.24,390.59,22147269
2021-11-12,391.77,395.25,390.13,394.7,23943193
2021-11-15,395.91,396.24,392.09,394.61,23975476
2021-11-16,393.87,397.93,393.66,397.42,19238830
2021-11-17,397.75,399.72,396.64,397.63,20536582
2021-11-18,399.72,402.27,397.45,401.75,29769568
2021-11-19,403.43,405.3,402.58,403.99,22665843
2021-11-22,405.57,408.71,399.19,399.3,43938062
2021-11-23,398.11,400.23,392.92,397.48,52851693
2021-11-24,394.91,399.05,392.54,398.76,34581192
2021-11-26,396.11,397.54,389.77,391.2,35234016
2021-11-29,395.86,400.73,395.14,399.69,36257592
2021-11-30,398.78,401.19,391.75,393.82,61600487
2021-12-01,398.29,400.48,386.64,387.12,58661792
2021-12-02,385.8,391.74,384.34,389.91,64041253
2021-12-03,391.29,392.34,378.9,383.13,80726515
2021-12-06,383.63,387.6,379.3,386.2,51228860
2021-12-07,392.98,398.46,392.98,397.83,39813825
2021-12-08,398.17,399.82,396.22,399.61,28482571
2021-12-09,398.35,400.2,393.52,393.73,37294653
2021-12-10,396.62,398.28,393.36,398.01,38707344
2021-12-13,398,398.33,391.88,392.26,31950853
2021-12-14,387.3,390.09,383.63,388.2,47091378
2021-12-15,387.98,397.42,383.88,397.05,51039181
2021-12-16,398.04,398.48,385.21,386.84,62879306
2021-12-17,383.33,389.19,381.77,384.91,52794576
2021-12-20,379.59,381.5,377.47,380.69,42282177
2021-12-21,384.05,389.53,380.2,389.21,33773831
2021-12-22,388.91,394.16,388.23,393.95,26770228
2021-12-23,394.34,398.43,394.14,396.92,20380888
2021-12-27,398.26,403.48,398.21,403.48,21697592
2021-12-28,404.36,404.58,400.71,401.61,23628602
2021-12-29,401.78,403.05,399.11,401.55,21732590
2021-12-30,401.31,403.57,399.75,400.35,16912523
2021-12-31,399.69,401.06,397.34,397.85,23254304
2022-01-03,399.05,401.94,396.88,401.68,28285016
2022-01-04,402.24,402.29,393.28,396.47,44423810
2022-01-05,394.74,395.89,384.03,384.29,56391698
2022-01-06,382.42,387.35,380.13,384.02,53317928
2022-01-07,384.03,385.76,378.04,379.86,53289156
2022-01-10,374.82,380.64,369.31,380.11,67896898
2022-01-11,379.35,385.99,377.21,385.82,53792032
2022-01-12,388.47,390.2,385.01,387.35,40077643
2022-01-13,388.75,389.47,376.7,377.66,58510891
2022-01-14,375.07,380.35,374.86,380.01,59635686
2022-01-18,374.12,376.22,369.77,370.55,54304472
2022-01-19,372.08,374.69,366.21,366.48,59566103
2022-01-20,369.78,373.87,361.17,361.72,60159969
2022-01-21,359.44,362.18,351.41,351.69,99929814
2022-01-24,345.88,353.98,334.15,353.3,144998311
2022-01-25,346.62,351.03,341.68,345.11,88008000
2022-01-26,352.91,356.88,340.78,344.57,102356208
2022-01-27,349.39,351.27,340.05,341.1,67009204
2022-01-28,343.03,352.02,337.95,351.8,73057907
2022-01-31,353.25,363.65,351.52,363.05,59998517
2022-02-01,364.43,366.19,359.14,365.52,51966229
2022-02-02,369.8,370.1,364.28,368.49,49085441
2022-02-03,358.58,361.93,352.46,353.55,59824762
2022-02-04,354.08,361.4,351.97,358.01,60978277
2022-02-07,358.65,361.05,353.84,355.13,42571123
2022-02-08,354.01,360.24,352.8,359.12,43862117
2022-02-09,363.71,366.8,362.12,366.73,39745324
2022-02-10,359.52,366.49,356.54,358.43,79680860
2022-02-11,358.46,360.07,345.8,347.06,76236081
2022-02-14,346.46,350.98,343.89,347.49,58527787
2022-02-15,352.91,356.37,351.82,356.13,43207889
2022-02-16,353.92,357.09,350.71,356.04,42514707
2022-02-17,352.69,353.46,345.02,345.45,43921981
2022-02-18,346.41,346.81,339.14,341.51,55873138
2022-02-22,338.52,344.04,334.35,338.08,64478895
2022-02-23,341.32,342.19,329.11,329.42,60953824
2022-02-24,318.88,341.04,318.26,340.49,92608126
2022-02-25,341.31,345.98,337.39,345.77,56658130
2022-02-28,342.47,348.54,341.32,346.8,56298920
2022-03-01,345.75,348.08,338.9,341.49,50768273
2022-03-02,343.08,348.59,340.24,347.22,49221167
2022-03-03,349.94,350.04,340.35,342.26,52895564
2022-03-04,339.83,341.31,334.92,337.3,54873357
2022-03-07,337.29,338.48,324.65,324.86,64881959
2022-03-08,324.05,333.21,319.94,323.35,84449964
2022-03-09,331.76,336.38,329.09,334.99,42863194
2022-03-10,330.82,332.51,326.71,331.27,47559704
2022-03-11,334.32,334.64,323.9,324.4,47656805
2022-03-14,323.13,326.59,317.45,318.17,57398154
2022-03-15,320.88,328.95,319.23,328.15,52903329
2022-03-16,332.17,340.44,328.4,340.32,70651026
2022-03-17,338.37,344.5,337.04,344.44,44003301
2022-03-18,342.74,351.79,341.55,351.49,49262438
2022-03-21,350.2,352.48,345.57,350.08,53640497
2022-03-22,350.57,357.85,350.2,356.96,43936117
2022-03-23,353.99,357.66,351.77,351.83,47149690
2022-03-24,353.8,359.7,351.59,359.65,40288460
2022-03-25,359.58,360.67,354.94,359.35,43261814
2022-03-28,359.34,365.01,358.07,364.91,44330038
2022-03-29,368.86,371.83,366.06,371.19,48893342
2022-03-30,369.28,370.98,365.57,367.09,46468054
2022-03-31,367.24,367.6,361.68,362.54,47306692
2022-04-01,362.81,363.61,358.59,361.85,39423767
2022-04-04,362.71,369.31,362.44,369.3,31369918
2022-04-05,367.81,368.54,360,361.1,47741806
2022-04-06,355.65,356.78,350.56,353.26,65687649
2022-04-07,352.24,356.35,348.69,354.1,49382539
2022-04-08,352.32,353.09,348.5,349.15,45459802
2022-04-11,344.81,345.75,340.53,340.89,43741901
2022-04-12,345.76,347.69,338.03,339.45,54009170
2022-04-13,339.81,347.43,339.06,346.35,42800996
2022-04-14,346.44,346.97,338.21,338.43,47242281
2022-04-18,337.35,341.04,335.79,338.69,42696995
2022-04-19,338.03,346.85,336.98,346.26,40644717
2022-04-20,347.09,347.56,339.97,341.21,50110346
2022-04-21,345.17,347.87,333.2,334.15,61576026
2022-04-22,334.32,335.56,324.98,325.4,63544145
2022-04-25,323.73,329.9,322.43,329.58,74425991
2022-04-26,327.47,327.66,316.85,317.14,75534298
2022-04-27,317.24,322.88,315,316.76,83520681
2022-04-28,321.85,329.89,317.52,328.01,67013282
2022-04-29,323.7,327.23,312.6,313.25,69200585
2022-05-02,312.82,318.72,309.64,318.48,79351844
2022-05-03,318.5,321.17,315.98,318.82,57787464
2022-05-04,319.31,330.29,313.89,329.6,91091279
2022-05-05,325.17,325.25,309.62,313,113771051
2022-05-06,310.95,315.09,305.1,309.25,106545317
2022-05-09,303.46,306,295.72,297.15,80869617
2022-05-10,304.54,305.76,296.57,300.76,90881091
2022-05-11,298.38,304.09,290.95,291.84,90273551
2022-05-12,287.45,295.75,284.94,291.15,85613752
2022-05-13,295.72,303,294.08,301.94,56361673
2022-05-16,300.13,302.26,297.13,298.44,44471349
2022-05-17,304.42,306.56,300.55,306.17,43663005
2022-05-18,301.54,302.25,289.88,291.14,53006860
2022-05-19,289.29,294.39,287.58,289.58,55683234
2022-05-20,293.13,293.8,280.21,288.68,62436605
2022-05-23,289.75,293.87,287.29,293.48,44930276
2022-05-24,288.13,288.86,282.25,287.24,53304625
2022-05-25,285.71,293.39,285.5,291.26,48750417
2022-05-26,290.44,300.92,290.15,299.33,44347742
2022-05-27,302.53,309.25,302.42,309.1,45425105
2022-05-31,309.11,311.33,304.33,308.28,43422400
2022-06-01,310.47,312.65,303.73,306,46395640
2022-06-02,304.85,314.56,303.4,314.38,41095524
2022-06-03,309.03,310.47,304.92,306.2,41222615
2022-06-06,310.75,312.35,305.62,307.22,35705348
2022-06-07,303.81,310.67,302.68,309.87,32950405
2022-06-08,309.05,311.72,306.77,307.64,28687381
2022-06-09,305.91,309.05,299.23,299.4,35942027
2022-06-10,293.65,294.87,288.38,288.84,57126617
2022-06-13,279.75,282.34,274.53,275.41,63376648
2022-06-14,277.68,278.66,273.33,275.91,46433588
2022-06-15,279.44,286.83,276.61,282.8,61872228
2022-06-16,275.59,276.06,269.28,271.39,52908159
2022-06-17,272.15,277.19,270.51,274.69,45998826
2022-06-21,278.75,283.45,278.64,281.08,34807529
2022-06-22,278.52,285.18,277.91,280.67,45245053
2022-06-23,283.2,285.72,280.31,284.85,43085458
2022-06-24,287.77,295,287.5,294.61,39607179
2022-06-27,296,296.58,291.29,292.45,33359804
2022-06-28,293,295.65,283.35,283.54,47152159
2022-06-29,283.4,285.34,280.84,283.8,39359509
2022-06-30,280.75,283.89,275.78,280.28,56927782
2022-07-01,278.95,282.53,277.03,282.13,42165903
2022-07-05,278.3,287.08,276.75,286.96,45859958
2022-07-06,287.35,290.95,285.59,288.8,42199561
2022-07-07,289.63,295.7,289.63,294.98,35342065
2022-07-08,292.08,296.75,291.12,295.35,41727983
2022-07-11,292.84,293.11,288.14,289.04,36494388
2022-07-12,290.32,292.28,284.61,286.24,39515104
2022-07-13,280.6,288.05,280.02,285.65,47531286
2022-07-14,282.99,287.56,279.8,286.67,43354556
2022-07-15,289.75,291.98,288.08,291.87,34768266
2022-07-18,294.72,296.16,288.2,289.4,38303002
2022-07-19,293.14,298.6,291.47,298.3,38398804
2022-07-20,298.73,304.24,297.93,303.03,47220279
2022-07-21,303.5,307.44,300.78,307.38,37601593
2022-07-22,306.43,308.55,300.11,301.99,39539586
2022-07-25,302.02,302.5,298.22,300.27,30264506
2022-07-26,298.52,298.77,293.54,294.37,32747850
2022-07-27,299.04,308.54,298.46,306.81,49579465
2022-07-28,306.59,310.4,302.74,309.81,39056654
2022-07-29,311.38,316.39,309.93,315.46,37780518
2022-08-01,313.66,318.81,312.53,315.27,33992799
2022-08-02,312.92,318.55,311.84,314.33,35823884
2022-08-03,316.05,323.73,315.99,322.89,40343923
2022-08-04,322.92,324.72,320.77,324.4,27389418
2022-08-05,319.19,323.83,318.39,321.75,36845723
2022-08-08,322.69,326.47,319.21,320.71,33245563
2022-08-09,318.77,319.03,315.42,317.08,27401014
2022-08-10,324.59,326.23,322.06,325.93,33521345
2022-08-11,328.31,330.36,323.36,324.08,33016805
2022-08-12,326.18,330.59,325.1,330.39,26825890
2022-08-15,329.42,333.57,329.4,333.06,24553421
2022-08-16,332.06,334.43,329.16,332.28,29680445
2022-08-17,329.07,331.43,326.36,328.49,34032969
2022-08-18,328.44,330.49,326.79,329.28,26643765
2022-08-19,326.18,326.84,322.08,322.86,32432071
2022-08-22,318.5,318.74,313.53,314.36,34611428
2022-08-23,314.12,317,313.33,314.1,27694299
2022-08-24,313.55,316.87,312.99,315.01,26194166
2022-08-25,316.85,320.6,315.75,320.58,23461132
2022-08-26,320.28,321.51,307.35,307.44,47786700
2022-08-29,304.62,307.22,303.28,304.41,35996970
2022-08-30,306.1,306.73,298.44,301.02,39380880
2022-08-31,304,304.91,299.16,299.27,33031508
2022-09-01,296.72,299.78,292.95,299.4,43881864
2022-09-02,302.34,303.75,293.52,295.17,44094554
2022-09-06,295.66,296.6,290.87,293.05,41606337
2022-09-07,293.54,299.99,293.27,298.97,34383932
2022-09-08,296.85,301.87,295.45,300.52,37600182
2022-09-09,302.83,307.6,302.79,307.09,36902824
2022-09-12,308.5,311.08,308.18,310.74,28450471
2022-09-13,301.8,303.02,292.78,293.7,50541576
2022-09-14,294.89,296.93,293.06,296.03,39003963
2022-09-15,294.07,296.53,289.46,291.1,46376067
2022-09-16,287.72,289.72,285.62,289.32,45733303
2022-09-19,286.15,291.21,286.04,291.05,36414199
2022-09-20,288.49,291.07,286.38,288.73,38543208
2022-09-21,289.61,293.95,283.42,283.56,60871876
2022-09-22,282,283.03,278.81,280.07,45000236
2022-09-23,277.59,277.85,272.02,275.51,53203771
2022-09-26,274.98,279.49,273.57,274.37,49554071
2022-09-27,277.81,280.21,272.11,274.48,51497648
2022-09-28,274.46,281.25,272.94,279.94,46222754
2022-09-29,275.9,276.25,268.84,271.87,59167709
2022-09-30,271.03,275.19,267.1,267.26,50405331
2022-10-03,269.07,275.16,267.53,273.53,42003367
2022-10-04,278.99,282.85,278.99,282.13,46491911
2022-10-05,278.32,283.81,275.42,281.98,41802760
2022-10-06,280.97,284.18,279.43,279.76,40193035
2022-10-07,275.02,275.15,267.74,269.1,46470214
2022-10-10,269.31,269.7,263.64,266.41,43846040
2022-10-11,264.7,267.63,261.03,262.75,49102808
2022-10-12,263.4,265.36,261.95,262.66,35538695
2022-10-13,255.18,270.17,254.26,268.82,75616089
2022-10-14,271.18,271.81,260.14,260.74,54973687
2022-10-17,266.79,270.24,266.74,269.35,43502389
2022-10-18,276.54,277.21,268.74,271.48,48604207
2022-10-19,269.93,273.68,268.07,270.49,37662666
2022-10-20,269.58,274.84,267.92,269.11,40590126
2022-10-21,267.98,275.97,266.82,275.42,49796291
2022-10-24,275.69,279.4,271.97,278.45,45817706
2022-10-25,279.4,284.6,279.4,284.21,39289953
2022-10-26,278.46,283.98,277.43,277.93,47601324
2022-10-27,276.79,278.28,272.34,272.87,36008969
2022-10-28,272.23,281.7,272.06,281.22,44181382
2022-10-31,278.92,279.76,275.99,277.95,34363069
2022-11-01,281.5,282.07,274.74,275.11,34697698
2022-11-02,275.08,278.21,265.61,265.68,62537919
2022-11-03,263.01,264.5,260.1,260.49,45292782
2022-11-04,265.52,266.61,259.08,264.68,54268629
2022-11-07,265.75,268.14,263.57,267.59,33428208
2022-11-08,269.1,272.85,265.52,269.54,47478927
2022-11-09,267.76,268.56,263.03,263.32,41501436
2022-11-10,276.01,283.05,273.85,282.75,64350436
2022-11-11,282.56,288.64,281.19,287.96,46423445
2022-11-14,285.86,289.22,284.44,285.44,37240608
2022-11-15,292.21,293.26,285.97,289.39,51372935
2022-11-16,287.39,287.74,284.6,285.44,31810039
2022-11-17,280.93,286.32,280.72,284.81,36148414
2022-11-18,287.89,287.99,282.32,284.82,32466586
2022-11-21,283.4,284.58,281.04,281.89,28320548
2022-11-22,282.64,286.11,280.46,285.95,28574235
2022-11-23,285.98,289.46,285.79,288.82,31477041
2022-11-25,287.19,287.91,286.42,286.92,11139747
2022-11-28,284.9,286.96,281.76,282.71,27982990
2022-11-29,282.94,283.35,279.17,280.57,27405647
2022-11-30,280.84,293.45,279.97,293.36,55428531
2022-12-01,293.67,295.75,290.88,293.72,36710289
2022-12-02,288.54,293.45,288.36,292.55,33936469
2022-12-05,290.38,291.68,286.15,287.64,28631280
2022-12-06,287.48,287.62,280.25,281.68,40824738
2022-12-07,280.47,282.57,278.78,280.53,29606188
2022-12-08,281.91,284.84,279.79,283.85,30239651
2022-12-09,282.81,285.64,281.59,282.04,29402599
2022-12-12,282.21,285.64,281.16,285.58,26402754
2022-12-13,296.63,296.88,285.91,288.65,53467405
2022-12-14,288.08,291.41,283.19,286.51,49133320
2022-12-15,282.33,283.01,275.67,276.89,43583833
2022-12-16,276.2,277.77,272.61,274.25,37843033
2022-12-19,273.87,273.96,268.49,269.75,29023707
2022-12-20,268.55,271.32,266.95,269.54,26746880
2022-12-21,270.6,274.78,269.74,273.45,28574756
2022-12-22,270.39,270.52,262.45,266.76,42817928
2022-12-23,265.46,268.04,263.53,267.36,26063346
2022-12-27,266.74,266.85,263.03,263.58,25703194
2022-12-28,263.13,265.47,259.73,260.1,32975327
2022-12-29,262.96,267.41,262.25,266.44,28134255
2022-12-30,263.59,266.41,262.29,266.28,26819583
2023-01-03,268.65,270.16,262.13,264.48,27484545
2023-01-04,266.61,267.45,262.53,265.74,35178051
2023-01-05,264.07,264.21,261.26,261.58,29144033
2023-01-06,263.33,269.94,260.34,268.8,37506602
2023-01-09,270.82,275.29,269.92,270.54,35385413
2023-01-10,269.53,272.93,268.97,272.83,25355010
2023-01-11,273.94,277.66,273.12,277.55,30178131
2023-01-12,278.12,280.1,273.74,279.05,39589524
2023-01-13,276.52,281.22,276.16,280.97,29916967
2023-01-17,280.77,282.85,279.58,281.54,23664229
2023-01-18,283.15,284.69,277.67,277.88,33125039
2023-01-19,276.24,277.38,273.89,275.15,30854886
2023-01-20,276.76,283.02,275.71,282.68,34226855
2023-01-23,283.51,290.21,282.73,288.96,36322110
2023-01-24,287.31,289.55,286.78,288.37,26243109
2023-01-25,283.77,288.36,281.18,287.73,35573974
2023-01-26,291.22,293.52,288.51,293.34,32973704
2023-01-27,292,298.26,291.88,296.26,38031101
2023-01-30,292.93,294.38,289.89,290.27,32529087
2023-01-31,290.31,294.72,290.2,294.62,28521249
2023-02-01,294.41,303.43,292.3,300.92,46718816
2023-02-02,307.54,313.68,306.73,311.72,51690009
2023-02-03,304.94,312.39,304.54,306.18,51883996
2023-02-06,303.53,305.91,302.22,303.59,28201410
2023-02-07,303.46,311.03,302.32,309.88,49455996
2023-02-08,308.54,309.5,303.67,304.37,35127183
2023-02-09,308.84,308.99,300.2,301.68,36653518
2023-02-10,299.48,301.57,297.25,299.7,35601926
2023-02-13,301.13,305.1,299.93,304.5,28383578
2023-02-14,302.86,307.72,300.91,306.75,43952673
2023-02-15,304.9,309.27,304.2,309.1,29767727
2023-02-16,304.38,308.43,303.15,303.3,41057014
2023-02-17,301.07,301.93,298.1,301.16,37375953
2023-02-21,297.27,298.73,293.89,294.03,32714283
2023-02-22,294.62,296.36,292.56,294.25,36282137
2023-02-23,297.97,298.13,292.55,296.82,51224367
2023-02-24,291.76,292.97,290.05,291.85,53793040
2023-02-27,295.08,296.49,293.34,293.94,33210872
2023-02-28,293.3,296.13,292.96,293.56,34909345
2023-03-01,293.24,293.93,290.2,291.2,42306947
2023-03-02,288.66,294.43,288.37,293.61,38476060
2023-03-03,295.39,299.92,294.87,299.68,41797615
2023-03-06,300.94,304,299.82,300.02,39726914
2023-03-07,300.07,301.01,295.72,296.34,50127223
2023-03-08,296.74,298.43,294.88,297.82,37776606
2023-03-09,298.34,300.98,291.82,292.66,52121763
2023-03-10,292.83,294.35,287.38,288.55,72014420
2023-03-13,286.73,294.47,285.19,290.69,70617318
2023-03-14,294.31,297.93,293.45,297.37,52108129
2023-03-15,294.71,299.27,293.24,298.93,54782747
2023-03-16,297.95,307.18,297.19,306.81,63878662
2023-03-17,306.72,309.15,303.37,305.36,51394473
2023-03-20,304.26,306.3,302.01,305.97,37415693
2023-03-21,307.94,310.8,306.39,310.34,34018258
2023-03-22,310.27,315.25,305.95,306.12,54160949
2023-03-23,309.92,314.15,307.01,309.75,49896345
2023-03-24,309.33,310.99,306.95,310.89,42561738
2023-03-27,311.6,312.7,307.89,308.76,36881255
2023-03-28,308.17,308.2,304.77,307.12,33670801
2023-03-29,310.88,313.35,310.05,312.72,37405936
2023-03-30,315.22,316.32,313.93,315.68,34851002
2023-03-31,315.91,321.17,315.6,320.93,41292375
2023-04-03,318.77,320.42,317.42,320.15,33273958
2023-04-04,320.6,321.63,317.82,319.07,30924020
2023-04-05,318.1,318.31,314.07,315.92,47619902
2023-04-06,314.24,318.55,312.82,318.05,33733039
2023-04-10,315.06,317.92,313.25,317.87,31556258
2023-04-11,317.83,317.89,315.31,315.83,29151954
2023-04-12,317.82,318.42,312.56,313.04,41139998
2023-04-13,314.82,319.65,314.64,319.17,36779428
2023-04-14,317.59,320.36,315.61,318.57,38923745
2023-04-17,318.15,319.2,316.04,318.84,30046178
2023-04-18,320.99,321.42,317.64,318.86,31788178
2023-04-19,316.41,319.79,316.28,318.71,27990790
2023-04-20,315.69,319.27,314.97,316.28,41608987
2023-04-21,315.91,317.4,314.1,316.61,34714824
2023-04-24,316.38,317.74,313.74,315.95,30465784
2023-04-25,314.29,314.97,309.89,309.99,38622589
2023-04-26,313.44,314.94,311.34,311.87,36463933
2023-04-27,315.7,320.86,315.05,320.35,41939344
2023-04-28,320.11,322.65,318.96,322.56,41899223
2023-05-01,322.09,323.63,321.09,322.19,30768656
2023-05-02,322.12,322.45,317.61,319.38,40655247
2023-05-03,319.75,322.47,317.18,317.29,44534501
2023-05-04,317.06,318.23,315.11,316.17,36264635
2023-05-05,318.46,323.76,318.1,322.89,36713104
2023-05-08,322.42,324.04,321.31,323.69,26777053
2023-05-09,322,322.88,321.32,321.64,23891292
2023-05-10,324.11,326.01,321.6,325.14,44503508
2023-05-11,325.7,326.75,324.12,326.2,30421023
2023-05-12,326.7,327.17,322.94,325.03,31271328
2023-05-15,325.54,327.03,323.96,326.79,24297079
2023-05-16,326.06,328.91,326.02,327.16,28815904
2023-05-17,328.24,331.71,327.04,331.12,34923426
2023-05-18,331.52,337.49,331.5,337.27,48080076
2023-05-19,337.49,338.21,335.43,336.51,39396750
2023-05-22,336.26,338.67,336.24,337.64,28760458
2023-05-23,335.89,337.06,333,333.36,35783164
2023-05-24,331.37,332.91,329.56,331.65,39533533
2023-05-25,339.16,341.01,336.66,339.72,49731682
2023-05-26,340.76,349.25,340.66,348.4,43589769
2023-05-30,352.71,353.93,348.53,349.98,50187915
2023-05-31,348.37,350.6,346.51,347.99,42824189
2023-06-01,347.73,353.36,346.66,352.01,35789968
2023-06-02,353.76,355.83,352.01,354.65,35859175
2023-06-05,354.43,357.5,353.85,354.9,34879200
2023-06-06,354.28,355.82,352.93,354.84,31560481
2023-06-07,355.13,357.12,348.18,348.82,50411936
2023-06-08,349.12,353.62,348.89,353.15,33339857
2023-06-09,354.63,357.66,353.03,354.5,37604192
2023-06-12,356.19,360.59,355.2,360.49,28599737
2023-06-13,363.31,364.11,360.03,363.26,37248731
2023-06-14,363.27,366.19,360.42,365.9,44789679
2023-06-15,364.61,371.77,363.98,370.26,46165790
2023-06-16,372.72,372.85,367.48,367.93,39873344
2023-06-20,365.98,368.32,363.88,366.9,31722526
2023-06-21,365.74,366.18,360.96,361.9,34596315
2023-06-22,360.63,366.33,360.22,366.17,32544600
2023-06-23,362.21,364.88,360.82,362.54,33420263
2023-06-26,362,364.84,357.59,357.68,36839873
2023-06-27,359.25,364.57,358.51,363.83,32957610
2023-06-28,361.99,366.52,361.9,364.54,35521855
2023-06-29,364.24,364.89,362.14,363.81,30693586
2023-06-30,367.55,370.49,367.23,369.42,37535902
2023-07-03,370.07,370.93,368.97,370.29,15098390
2023-07-05,368.69,372.01,368.66,370.28,26265924
2023-07-06,366.52,367.91,364.52,367.46,34441835
2023-07-07,367.23,370.48,366.01,366.24,32900226
2023-07-10,365.96,367.05,363.41,366.36,31719977
2023-07-11,366.79,368.64,364.62,368.17,29464946
2023-07-12,372.34,374.19,370.3,372.82,43070720
2023-07-13,376.05,379.99,375.46,379.15,34808897
2023-07-14,379.59,382.86,378.18,379.07,39376267
2023-07-17,379.8,383.5,379.31,382.61,28355524
2023-07-18,381.95,387.13,380,385.74,41639333
2023-07-19,386.82,387.98,384.3,385.65,38668535
2023-07-20,382.61,384.1,375.72,376.76,51487972
2023-07-21,379.18,379.92,375.19,375.63,40180092
2023-07-24,376.62,377.58,374.34,376.23,27403902
2023-07-25,376.95,380.47,376.93,378.78,23709823
2023-07-26,377.72,379.24,375.18,377.52,34680935
2023-07-27,383.07,384.71,375.31,376.62,45487168
2023-07-28,380.74,384.52,380.22,383.48,37009155
2023-07-31,383.8,384.88,382.34,383.68,28293629
2023-08-01,382.31,383.56,380.69,382.79,26667433
2023-08-02,379.24,379.26,373.13,374.39,48331419
2023-08-03,371.94,375.95,371.77,373.79,31624334
2023-08-04,375.75,378.1,371.53,372.04,43188133
2023-08-07,373.89,375.29,371.51,375.19,25300134
2023-08-08,372.65,372.66,368.82,372,32772549
2023-08-09,372.29,372.45,367.14,367.91,36242421
2023-08-10,370.97,374.36,367.03,368.59,44306954
2023-08-11,365.99,368,364.69,366.24,34384375
2023-08-14,365.44,370.47,364.7,370.35,30076433
2023-08-15,369.36,370.17,365.74,366.42,29977953
2023-08-16,365.87,367.43,362.44,362.54,39100564
2023-08-17,363.95,364.31,358.16,358.58,45864692
2023-08-18,355.26,359.41,354.71,358.13,42275191
2023-08-21,359.6,364.59,359.15,363.9,36250396
2023-08-22,366.55,366.56,362.68,363.38,30615910
2023-08-23,364.58,370.22,364.36,369.11,31535819
2023-08-24,372.64,372.74,361.01,361.22,50865077
2023-08-25,362.07,365.74,358.58,364.02,53401850
2023-08-28,366.99,367.71,364.25,366.76,33045260
2023-08-29,366.56,375.13,366.23,374.77,44110543
2023-08-30,374.89,377.45,373.86,376.86,31340298
2023-08-31,376.94,379.72,376.86,377.99,25310453
2023-09-01,380.4,380.83,376.08,377.59,26988473
2023-09-05,376.77,379.31,375.83,378.07,24052990
2023-09-06,377.28,377.63,372.7,374.74,33357227
2023-09-07,370.19,372.85,369.15,372.06,35176383
2023-09-08,372.01,374.85,371.6,372.58,26001822
2023-09-11,375.66,377.49,373.66,376.97,27597145
2023-09-12,375.28,376.68,372.5,372.79,28358671
2023-09-13,373.03,375.84,371.88,374.21,30575197
2023-09-14,375.99,378.27,373.89,377.27,30412585
2023-09-15,375.91,376.32,369.86,370.81,42070553
2023-09-18,369.32,371.79,369.03,370.66,23941261
2023-09-19,369.32,370.63,366.8,369.87,27266719
2023-09-20,370.95,371.31,364.46,364.54,35541996
2023-09-21,360.8,361.6,357.69,357.86,49792366
2023-09-22,359.63,361.8,357.59,357.91,37101095
2023-09-25,356.93,359.7,355.93,359.61,29927239
2023-09-26,356.99,357.54,353.21,354.21,40812400
2023-09-27,355.38,356.98,351.36,355.04,42669261
2023-09-28,354.1,360.17,353.24,358.01,40250718
2023-09-29,361.54,362.95,357.02,358.27,44935101
2023-10-02,358.54,362.68,357.92,361.26,38498887
2023-10-03,358.78,361.01,353.27,354.92,47552680
2023-10-04,355.76,360.61,355.3,359.75,39389720
2023-10-05,359.74,360.15,355.14,358.69,33887527
2023-10-06,355.65,365.91,354.85,364.7,55274069
2023-10-09,362.3,367.11,360.78,366.56,34647227
2023-10-10,366.91,371.28,366.39,368.59,36095595
2023-10-11,369.94,371.42,368.19,371.22,27997441
2023-10-12,371.73,373.74,367.5,369.93,38162917
2023-10-13,370.56,371.16,363.86,365.28,40153159
2023-10-16,366.63,370.48,366.47,369.41,32227682
2023-10-17,365.81,369.92,363.66,368.2,39365665
2023-10-18,365.66,367.91,362.02,363.37,42042928
2023-10-19,364.81,366.02,359.16,359.97,56310927
2023-10-20,359.48,360.04,354.37,354.6,47992504
2023-10-23,353.26,359.26,351.11,355.67,43144347
2023-10-24,357.51,359.91,355.79,359.13,32820028
2023-10-25,356.69,356.88,349.75,350.34,48395912
2023-10-26,349.12,350.07,342.35,343.66,57984208
2023-10-27,346.43,348.84,344.08,345.31,47259676
2023-10-30,347.83,350.54,346.45,349.2,39683622
2023-10-31,349.23,351.25,346.62,350.87,36034119
2023-11-01,351.72,357.53,351.62,356.96,46292161
2023-11-02,361.54,363.68,360.3,363.44,37155993
2023-11-03,364.75,369.02,364.52,367.71,37865350
2023-11-06,368.49,369.78,366.91,369.21,29014943
2023-11-07,370.27,373.58,369.04,372.7,36590749
2023-11-08,373.08,373.79,370.62,372.94,27073147
2023-11-09,373.64,374.8,369.57,370.07,39383301
2023-11-10,371.82,378.54,371.28,378.39,40763393
2023-11-13,376.79,378.28,375.24,377.21,30847308
2023-11-14,383.71,386.26,383.18,385.33,44451451
2023-11-15,387.24,387.75,384.23,385.62,37878672
2023-11-16,384.84,386.19,383.56,385.95,34490363
2023-11-17,385.21,387.07,384.29,386.04,26047421
2023-11-20,386.05,391.41,386.04,390.74,34496990
2023-11-21,389.01,389.23,386.7,388.47,31504674
2023-11-22,390.57,393.07,389.04,390.06,33194792
2023-11-24,389.64,390.25,388.5,389.51,11081470
2023-11-27,389,391.15,388.28,389.17,26930374
2023-11-28,388.4,390.78,388.05,390.19,24787604
2023-11-29,392.69,394.14,389.46,389.81,27053146
2023-11-30,390.1,390.55,385.82,388.83,32663052
2023-12-01,387.72,390.54,386.07,389.94,31197607
2023-12-04,386.09,386.6,382.66,386.32,37490389
2023-12-05,384.38,388.5,384.21,387.29,30910695
2023-12-06,390.27,390.37,384.7,385.05,29768593
2023-12-07,388.06,391.27,386.96,390.43,36015307
2023-12-08,388.67,392.62,388.48,392.17,33119541
2023-12-11,391.73,395.79,391.53,395.52,28599639
2023-12-12,395.56,398.79,394.41,398.67,24656649
2023-12-13,399.63,404.36,398.83,403.74,39515995
2023-12-14,404.98,406.3,400.34,403.39,39525165
2023-12-15,404.18,406.54,403.57,405.34,34069127
2023-12-18,404.93,407.99,404.6,407.08,25127890
2023-12-19,407.54,409.28,407.34,409.16,23480213
2023-12-20,408.35,410.47,402.9,403.08,40619560
2023-12-21,407.06,408.14,404.47,407.77,33331356
2023-12-22,409,409.97,406.47,408.38,23441662
2023-12-26,409.25,411.56,409.15,410.88,14960613
2023-12-27,410.95,411.79,410.08,411.5,22745105
2023-12-28,412.67,412.92,410.94,411.3,17898769
2023-12-29,411.29,411.64,407.58,409.52,27460713
2024-01-02,405.84,406.09,400.24,402.59,40523531
2024-01-03,399.93,401,397.89,398.33,35947871
2024-01-04,396.45,399.59,396.06,396.28,28510312
2024-01-05,396.44,399.56,395.34,396.75,33786422
2024-01-08,397.99,405.24,397.83,404.95,30221290
2024-01-09,401.91,406.69,401.71,405.75,29223041
2024-01-10,406.07,409.52,405.17,408.5,23783218
2024-01-11,409.79,411.21,404.24,409.35,37058643
2024-01-12,410.41,411.25,408.15,409.56,26401932
2024-01-16,408.31,411.12,406.83,409.52,32935743
2024-01-17,406.17,407.59,402.92,407.21,37982732
2024-01-18,410.52,413.58,409.16,412.99,41731942
2024-01-19,415.22,421.34,414.62,421.18,42568835
2024-01-22,423.41,424.73,421.12,421.73,29681962
2024-01-23,422.43,423.65,420.57,423.48,21985681
2024-01-24,427.44,429.85,425.33,425.83,34265550
2024-01-25,428.35,429.04,423.98,426.35,32818195
2024-01-26,424.42,426.21,423.15,423.81,27728895
2024-01-29,424.28,428.35,423.61,428.15,26848651
2024-01-30,427.1,427.68,424.38,425.3,23776165
2024-01-31,420.85,422.87,416.79,416.97,48411735
2024-02-01,418.79,422.38,417.81,421.88,31953194
2024-02-02,423.8,430.24,422.79,429.01,40752723
2024-02-05,429.07,429.61,425,428.45,29221838
2024-02-06,429.58,430.22,425.22,427.59,27356792
2024-02-07,430.41,432.83,429.09,431.99,27676620
2024-02-08,432.11,433.56,431.42,432.79,19976225
2024-02-09,433.94,437.85,433.14,437.05,23874874
2024-02-12,436.94,439.14,434.65,435.34,24582228
2024-02-13,427.28,431.27,425.33,428.55,44423660
2024-02-14,431.26,433.65,428.87,433.22,33654358
2024-02-15,433.92,434.98,431.33,434.51,29559088
2024-02-16,434.92,434.99,429.85,430.57,33101848
2024-02-20,428.54,430.08,423.5,427.32,39018246
2024-02-21,424.55,425.7,421.63,425.61,28588797
2024-02-22,434.49,439.12,433.71,438.07,37774331
2024-02-23,439.65,440.59,435.79,436.78,27914163
2024-02-26,437.6,438.6,436.35,436.55,23381770
2024-02-27,437.67,437.99,435.02,437.6,24891693
2024-02-28,435.44,436.67,434.3,435.27,24009920
2024-02-29,438.23,440.09,435.02,439,29586022
2024-03-01,439.9,446.58,439.84,445.61,29521434
2024-03-04,445.61,446.04,443.77,444.02,24155632
2024-03-05,440.94,440.95,433.65,436.05,38610785
2024-03-06,440.32,441.99,436.89,438.79,35337608
2024-03-07,442.39,446.72,440.86,445.45,30476865
2024-03-08,445.81,448.64,438.34,439.02,53604434
2024-03-11,437.51,438.66,435.44,437.39,31596018
2024-03-12,439.74,444.02,436.46,443.66,37551917
2024-03-13,442.64,442.67,439.12,440.25,27396218
2024-03-14,441.5,442.03,436.39,439.14,36281674
2024-03-15,436.07,436.78,432.74,433.92,36054594
2024-03-18,438.73,441.04,437.24,437.48,29557833
2024-03-19,435.45,438.98,433.33,438.57,29889289
2024-03-20,439.78,444.11,438.06,443.77,29407072
2024-03-21,448.88,449.34,445.67,445.87,27137922
2024-03-22,445.35,447.49,444.49,446.38,19766179
2024-03-25,443.55,446.26,442.54,444.76,20421472
2024-03-26,446.29,447.23,443.09,443.32,24309385
2024-03-27,446.43,446.54,441.93,444.83,27216370
2024-03-28,444.79,445.64,443.65,444.01,24844499
2024-04-01,444.97,447.53,443.02,444.95,30039599
2024-04-02,440.08,441.43,438.03,441.11,31039924
2024-04-03,438.96,444,438.95,442.1,27658311
2024-04-04,446.33,446.95,435.11,435.34,41773843
2024-04-05,436.78,443.17,435.96,440.47,39497528
2024-04-08,441.42,442.5,439.2,440.6,20724602
2024-04-09,442.94,443.24,437.44,442.23,30027875
2024-04-10,437,439.24,436.28,438.37,42074915
2024-04-11,440.25,446.33,437.96,445.37,31402093
2024-04-12,441.1,442.24,436.88,438.27,37831856
2024-04-15,442.06,442.15,430.21,431.06,45848821
2024-04-16,430.89,433.76,429.7,431.1,34678399
2024-04-17,433.1,433.12,424.9,425.84,39781465
2024-04-18,426.48,428.24,422.83,423.41,32179126
2024-04-19,422.22,422.75,413.07,414.65,50540354
2024-04-22,417.31,421.18,413.94,418.82,30927907
2024-04-23,420.76,426.28,420.42,425.07,29429525
2024-04-24,428.2,429.73,424.2,426.51,31457558
2024-04-25,419.24,425.32,418.14,424.45,38276053
2024-04-26,427.62,432.55,426.92,431,29347633
2024-04-29,433.12,433.76,429.98,432.75,22062073
2024-04-30,431.15,432.56,424.51,424.59,27354975
2024-05-01,423.15,430.14,420.66,421.52,37984853
2024-05-02,425.29,427.81,420.63,426.9,24854069
2024-05-03,434.44,436.48,432.62,435.48,30320575
2024-05-06,437.3,440.34,436.52,440.25,21816318
2024-05-07,440.7,441.97,439.58,440.32,20443255
2024-05-08,437.66,441.48,437.55,440.06,17951847
2024-05-09,440.33,441.6,438.46,441.02,18410499
2024-05-10,442.54,444.31,440.49,442.06,20272365
2024-05-13,443.99,444.09,441.65,443.08,15011256
2024-05-14,442.65,446.47,442.46,445.93,25547029
2024-05-15,448.43,453.15,446.9,452.9,27354957
2024-05-16,452.71,454.69,451.81,451.98,24337369
2024-05-17,452.11,452.72,449.53,451.76,20899149
2024-05-20,451.98,455.58,451.78,454.91,17633578
2024-05-21,453.02,455.99,452.84,455.8,13821499
2024-05-22,456.06,456.82,453.08,455.71,15539562
2024-05-23,460.57,460.58,451.85,453.66,27365602
2024-05-24,455.28,459.23,454.58,457.95,17531167
2024-05-28,459.18,459.74,456.69,459.68,18639811
2024-05-29,455.48,458.24,455.34,456.44,16436056
2024-05-30,455.51,455.64,450.21,451.55,18954560
2024-05-31,451.79,452.48,443.05,450.71,34308850
2024-06-03,454.57,455.58,447.9,453.13,22869426
2024-06-04,452.85,455.58,451.13,454.37,17066174
2024-06-05,457.98,463.61,456.77,463.53,23273329
2024-06-06,464.22,464.54,462.19,463.37,14732908
2024-06-07,463,465.74,461.84,462.96,15005812
2024-06-10,461.82,465.19,461.53,464.83,14411423
2024-06-11,463.56,468.14,462.03,468.02,16201671
2024-06-12,471.99,476.5,471.29,474.15,23310563
2024-06-13,477.72,478.39,474.42,476.72,17564404
2024-06-14,476.52,479.26,476.05,479.19,15339578
2024-06-17,479.46,486.86,478.14,485.06,24063806
2024-06-18,485,485.9,483.43,485.21,15850071
2024-06-20,486.42,486.84,479.62,481.47,22781810
2024-06-21,481.19,482.54,478.67,480.18,18887181
2024-06-24,478.18,479.93,473.82,473.96,23260629
2024-06-25,476.07,479.68,475.12,479.38,15994781
2024-06-26,478.55,480.92,478.13,480.37,13742499
2024-06-27,480.13,483.1,479.3,481.61,13863555
2024-06-28,482.41,487.2,478.46,479.11,22754438
2024-07-01,480.04,482.49,476.25,481.92,17078413
2024-07-02,480.41,487.04,480.28,486.98,16260462
2024-07-03,486.22,491.17,486.2,491.04,12799342
2024-07-05,491.9,496.6,491.59,496.16,18725891
2024-07-08,496.53,497.9,495.5,497.34,14417880
2024-07-09,498.87,500,496.24,497.77,16459676
2024-07-10,499.71,503.52,498.39,502.96,17984942
2024-07-11,503.07,503.28,490.72,491.93,34485455
2024-07-12,492.51,499.62,492.04,494.82,23909609
2024-07-15,496.61,501.01,494.09,496.15,22275352
2024-07-16,497.62,498.44,493.15,496.34,17328821
2024-07-17,488.26,488.8,481.7,481.77,32882974
2024-07-18,485.52,485.71,476.27,479.49,32503143
2024-07-19,479.17,481.69,473.94,475.24,24592023
2024-07-22,481.17,483.35,477.76,482.32,23495000
2024-07-23,481.42,484.43,480.14,480.62,14975008
2024-07-24,473.82,474.19,462.51,463.38,34132094
2024-07-25,463.72,467.94,455.63,458.27,38777148
2024-07-26,462.66,465.93,459.77,462.97,28587422
2024-07-29,465.71,467.91,461.61,463.9,19881345
2024-07-30,465.85,466.57,454.15,457.53,24322376
2024-07-31,467.9,472.79,466.41,471.07,29662717
2024-08-01,471.76,475.55,455.98,459.66,36178999
2024-08-02,450.89,453.57,444.47,448.75,41694866
2024-08-05,424.71,442.29,423.45,435.37,58418816
2024-08-06,437.3,447.07,434.56,439.53,39218429
2024-08-07,446.51,449,434.37,434.77,34513708
2024-08-08,441.07,448.99,437.15,448.07,30545952
2024-08-09,446.73,452.06,445.61,450.41,23005799
2024-08-12,451.39,454.37,448.55,451.38,19531393
2024-08-13,455.81,462.85,455.68,462.58,24107874
2024-08-14,463.56,465.11,458.4,462.73,23539624
2024-08-15,468.76,474.82,468.38,474.42,25745605
2024-08-16,472.66,476.41,471.65,475.03,17257095
2024-08-19,475.17,481.31,473.37,481.27,15015962
2024-08-20,480.35,482.94,478.55,480.26,19339002
2024-08-21,481.05,484.37,479.32,482.5,17735512
2024-08-22,484.87,485.54,473.81,474.85,27399434
2024-08-23,479.23,482.74,475.28,480,26312886
2024-08-26,479.44,480.38,473.24,475.34,20462852
2024-08-27,473.69,477.84,471.71,476.76,19920703
2024-08-28,476.29,477.02,467.89,471.35,25468897
2024-08-29,473.28,477.93,469.37,470.66,29495094
2024-08-30,475.04,476.9,470.51,476.27,23235283
2024-09-03,473.19,473.33,459.41,461.81,30986087
2024-09-04,458.67,464.45,457.73,460.61,23315678
2024-09-05,458.97,465.36,457.93,461.04,23765030
2024-09-06,460.32,461.22,448.19,448.69,33703728
2024-09-09,453.04,455.46,449.82,454.46,21910777
2024-09-10,456.24,459.17,452.23,458.66,20416604
2024-09-11,459.86,469.37,451.28,468.62,39123636
2024-09-12,468.64,474.04,466.84,473.22,24855567
2024-09-13,472.5,476.53,472.25,475.34,21397643
2024-09-16,473.19,473.86,469.89,473.24,15541745
2024-09-17,476.3,477.6,470.97,473.49,19337334
2024-09-18,474.7,478.83,470.83,471.44,28682553
2024-09-19,482.61,486.23,480.49,483.36,32001231
2024-09-20,482.51,483.69,478.3,482.44,18483563
2024-09-23,482.95,484.14,481.6,483.04,14688942
2024-09-24,484.48,486.33,480.17,485.37,18548010
2024-09-25,484.74,487.79,484.56,485.82,15682863
2024-09-26,493.37,493.7,485.8,489.47,21015102
2024-09-27,490.5,490.64,485.56,486.75,15179952
2024-09-30,485.78,488.41,482.92,488.07,20132609
2024-10-01,487.7,488,477.4,481.27,30606853
2024-10-02,480.36,483.88,477.72,481.95,16279410
2024-10-03,479.74,484.55,478.99,481.59,18205456
2024-10-04,487.45,487.88,482.38,487.32,20439369
2024-10-07,485.42,486.57,480.87,482.1,16526681
2024-10-08,484.66,489.99,483.84,489.3,17810584
2024-10-09,488.98,493.73,487.95,493.15,16141052
2024-10-10,490.85,494.47,489.53,492.59,15043862
2024-10-11,490.74,494.39,490.17,493.36,13774876
2024-10-14,495.76,498.83,495.26,497.5,15530726
2024-10-15,497.83,498.5,488.68,490.85,24682861
2024-10-16,491.18,491.69,487.57,490.91,15050913
2024-10-17,496.42,496.49,491.19,491.25,18954415
2024-10-18,494.06,495.57,493.3,494.47,14422471
2024-10-21,493.22,496.23,491.31,495.42,18952752
2024-10-22,492.72,497.45,491.97,495.96,19289989
2024-10-23,493.58,494.25,485.05,488.36,25203725
2024-10-24,492.11,493,489.44,492.32,14302746
2024-10-25,495.14,500.28,494.43,495.32,24545514
2024-10-28,498.46,498.52,495.1,495.4,14403963
2024-10-29,495.72,501.35,493.85,500.16,17975092
2024-10-30,499.39,500.35,495.89,496.38,17480762
2024-10-31,492.37,492.43,483.75,483.85,26360594
2024-11-01,485.52,490.76,485.2,487.43,21276244
2024-11-04,486.82,489.38,484.25,486.01,14811847
2024-11-05,487.61,492.88,487.52,492.21,14216069
2024-11-06,500.56,506.41,499.6,505.58,24613430
2024-11-07,508.4,514.33,508.34,513.54,18566047
2024-11-08,513.03,514.92,512.41,514.14,13126012
2024-11-11,515.36,515.58,510.92,513.84,15134798
2024-11-12,513.75,514.66,509.83,512.91,15660642
2024-11-13,512.4,514.98,509.95,512.25,14777606
2024-11-14,511.91,512.79,507.77,508.69,17283543
2024-11-15,502.94,503.33,494.49,496.57,26964021
2024-11-18,498.13,502.14,496.73,500.02,17409440
2024-11-19,497.42,503.96,497.08,503.46,14417680
2024-11-20,503.11,503.48,496.55,503.17,18894571
2024-11-21,506.24,506.96,497.56,504.98,23753362
2024-11-22,504.4,506.53,502.78,505.79,14490664
2024-11-25,509.9,511.46,504.26,506.59,17575879
2024-11-26,508.08,510.14,507.23,509.31,16279101
2024-11-27,508.17,508.24,501.93,505.3,17453716
2024-11-29,505.93,510.34,505.31,509.74,9864389
2024-12-02,511.01,516.26,510.62,515.29,16690883
2024-12-03,513.95,517.15,513.37,516.87,10910166
2024-12-04,520.32,523.52,519.6,523.26,15812856
2024-12-05,523.31,524.04,521.42,521.81,10900977
2024-12-06,522.46,526.72,522.35,526.48,13894732
2024-12-09,525.55,526.35,521.22,522.38,12998327
2024-12-10,523.62,525.38,519.16,520.6,16029341
2024-12-11,524.98,530.61,524.59,529.92,19361377
2024-12-12,527.68,528.96,526.02,526.5,12993718
2024-12-13,530.46,533.17,527.3,530.53,16873336
2024-12-16,533.08,539.15,533,538.17,17959509
2024-12-17,536.36,537.48,534.13,535.8,17517398
2024-12-18,535.15,536.88,515.01,516.47,33075903
2024-12-19,521.19,521.76,513.83,514.17,29951593
2024-12-20,510.44,524.82,509.29,518.66,30793425
2024-12-23,519.55,523.25,516.13,522.87,16918299
2024-12-24,524.83,530.05,524.19,529.96,10156340
2024-12-26,528.34,531.24,526.31,529.6,11712844
2024-12-27,526.01,526.45,517.86,522.56,22596672
2024-12-30,515.51,519.36,511.83,515.61,20433307
2024-12-31,516.9,517.66,510.26,511.23,18675926
2025-01-02,514.33,516.64,505.71,510.23,25079233
2025-01-03,513.35,519.65,512.53,518.58,18665131
2025-01-06,524.02,527.92,522.03,524.54,22283491
2025-01-07,525.61,525.99,513.28,515.18,24003639
2025-01-08,515.08,516.92,510.57,515.27,18090540
2025-01-10,511.48,511.58,503.92,507.19,26256351
2025-01-13,501.2,506.02,499.7,505.56,19096647
2025-01-14,508.76,510.16,501.59,505.08,20772306
2025-01-15,513.03,517.85,511.46,516.7,20768412
2025-01-16,519,519.06,512.95,513.08,17161535
2025-01-17,522.85,523.46,518.91,521.74,21771213
2025-01-21,524.47,525.97,520.06,524.8,13676083
2025-01-22,529.57,533.82,529.26,531.51,18916090
2025-01-23,529.03,532.76,528.45,532.64,11709950
2025-01-24,533.02,533.79,528.15,529.63,13269708
2025-01-27,510.92,517.99,510.15,514.21,33583011
2025-01-28,515.2,523,511.78,521.81,21165790
2025-01-29,522.46,522.59,516.89,520.83,17067396
2025-01-30,523.71,526.1,518.21,523.05,16892677
2025-01-31,526.92,531.52,521.19,522.29,25411820
2025-02-03,513.47,520.85,511.05,518.11,25351151
2025-02-04,518.63,525.11,518.23,524.47,15479210
2025-02-05,521.82,527.01,520.62,526.85,13566013
2025-02-06,527.36,529.81,525.74,529.6,12760309
2025-02-07,530.14,532.1,522.19,522.92,18792176
2025-02-10,527.25,530.36,526.75,529.25,12289547
2025-02-11,525.96,529.92,525.83,527.99,12457757
2025-02-12,522.29,529.19,521.95,528.3,14903547
2025-02-13,529.98,536.22,529.19,535.9,17237552
2025-02-14,536.08,538.84,535.67,538.15,10967993
2025-02-18,539.73,540,536.04,539.37,11794034
2025-02-19,538.57,540.81,536.46,539.52,12519673
2025-02-20,538.73,539.1,532.46,537.23,16062371
2025-02-21,538.38,538.4,525.71,526.08,25063411
2025-02-24,527.88,529.07,519.53,519.87,24670446
2025-02-25,519.24,519.32,509.44,513.32,29305790
2025-02-26,515.53,519.66,511.37,514.56,19378772
2025-02-27,518.13,519.07,500.05,500.27,33021185
2025-02-28,500.13,508.78,496.93,508.17,31421476
2025-03-03,511.52,513.04,493.58,497.05,28320490
2025-03-04,494.18,503.74,487.73,495.55,43162031
2025-03-05,496.2,503.63,491.26,502.01,29918676
2025-03-06,493.69,498.58,486.2,488.2,36452316
2025-03-07,487.16,493.28,480.53,491.79,37375169
2025-03-10,483.47,483.97,468.66,472.73,46007568
2025-03-11,472.35,478.81,467.01,471.6,47056514
2025-03-12,479.15,481.06,471.79,476.92,29429772
2025-03-13,476.24,476.29,466.43,468.34,27645986
2025-03-14,473.74,480.56,473.12,479.66,26209031
2025-03-17,479.6,485.84,477.8,482.77,26632039
2025-03-18,479.41,479.61,472.41,474.54,21462582
2025-03-19,476.81,485.33,474.87,480.89,26027993
2025-03-20,476.89,484.55,476.18,479.26,23342539
2025-03-21,474.09,481.61,472.9,480.84,24531469
2025-03-24,487.74,491.51,487.12,490.66,21476956
2025-03-25,491.39,493.62,490.42,493.46,16169128
2025-03-26,492.3,493.16,482.82,484.38,22849851
2025-03-27,482.41,486.58,480.25,481.62,21790610
2025-03-28,479.81,480.52,468.05,468.94,30124027
2025-03-31,461.92,469.86,457.33,468.92,32961979
2025-04-01,467.3,473.63,464.42,472.7,26990973
2025-04-02,466.12,479.56,465.86,476.15,26373214
2025-04-03,456.44,460.07,450.14,450.66,44001428
2025-04-04,438.14,440.37,423.05,422.67,74717433
2025-04-07,408.66,443.14,402.39,423.69,115691124
2025-04-08,438.11,443.14,409.79,416.06,66275523
2025-04-09,415.49,467.83,415.43,466,94473980
2025-04-10,453.64,455.59,432.63,446.18,68420847
2025-04-11,444.65,455.79,441.33,454.4,35059593
2025-04-14,464.46,465.05,452.63,457.48,27375252
2025-04-15,458.54,462.38,456.15,457.99,21834733
2025-04-16,449.01,452.62,437.76,444.18,30686363
2025-04-17,447.17,447.75,441.36,444.1,25705185
2025-04-21,438.23,439.08,427.93,433.11,25604865
2025-04-22,438.82,447.58,437.62,444.48,32473018
2025-04-23,458.17,463.38,452.88,454.56,35183123
2025-04-24,456.48,467.66,455.83,467.35,27159334
2025-04-25,466.97,473.09,465.39,472.56,25190101
2025-04-28,473.01,474.81,466.03,472.41,20593222
2025-04-29,470.09,476.43,469.59,475.53,20338859
2025-04-30,467.13,477.2,462.43,475.47,27172944
2025-05-01,483.41,487.18,480.74,481.68,26021022
2025-05-02,486.54,490.91,484.83,488.83,24269285
2025-05-05,484.6,489.03,484.1,485.93,16126487
2025-05-06,479.56,485.05,478.19,481.41,20305584
2025-05-07,482.08,485.8,476.78,483.3,23747715
2025-05-08,488.53,492.7,484.17,488.29,25612010
2025-05-09,490.21,491.54,486.19,487.97,16701823
2025-05-12,507,507.89,501.48,507.85,25230788
2025-05-13,509.19,517.39,508.42,515.59,34683749
2025-05-14,516.77,519.23,515.75,518.68,31092072
2025-05-15,516.52,521.93,515.17,519.25,31628120
2025-05-16,520.69,521.7,517.1,521.51,27019975
2025-05-19,514.3,522.53,514.24,522.01,28998178
2025-05-20,519.46,520.93,516.66,520.27,25439566
2025-05-21,516.29,523,511.24,513.04,50726100
2025-05-22,513.67,517.71,512.3,514,36748353
2025-05-23,506.2,511.84,505.58,509.24,35691143
2025-05-27,516.15,521.71,514.59,521.22,32540487
2025-05-28,522.18,523.68,518.39,518.91,28022930
2025-05-29,526.32,526.48,517.32,519.93,38820830
2025-05-30,519.44,520.68,511.93,519.11,43271209
2025-06-02,517.27,523.45,515.97,523.21,29131377
2025-06-03,523.58,528.74,522.69,527.3,29686796
2025-06-04,528.02,529.84,525.96,528.77,26500856
2025-06-05,530.18,533.05,522.66,524.79,38664855
2025-06-06,530,531.8,528.21,529.92,27632240
2025-06-09,530.14,532.35,529.01,530.7,22789218
2025-06-10,531.17,534.9,528.89,534.21,29565711
2025-06-11,535.63,536.78,530.11,532.41,36605360
2025-06-12,531.07,534.65,530.84,533.66,22332522
2025-06-13,527.67,531.87,525.73,526.96,36736029
2025-06-16,530.51,535.37,530.45,534.29,23036291
2025-06-17,531.71,533.33,527.91,529.08,27424472
2025-06-18,530.1,532.55,527.4,528.99,29412899
2025-06-20,532.26,533.56,524.89,526.83,33553336
2025-06-23,526.82,532.17,523.65,531.65,33935045
2025-06-24,536.9,540.7,536.27,539.78,27859005
2025-06-25,542.06,543.31,539.38,541.16,27378583
2025-06-26,543.35,546.67,541.52,546.22,23406722
2025-06-27,547.26,549.99,544.54,548.09,33814724
2025-06-30,551.26,552.8,549.01,551.64,27139828
2025-07-01,549.73,550.71,544.66,546.99,36099559
2025-07-02,546.16,551,546.12,550.8,24338937
2025-07-03,553.18,557.2,553.18,556.22,16052769
2025-07-07,553.52,554.34,549.58,552.03,30518931
2025-07-08,553.38,554.01,551.1,552.34,24534070
2025-07-09,554.46,557.63,553.1,556.25,29823829
2025-07-10,556.89,557.3,552.75,555.45,22266071
2025-07-11,553.3,555.79,552.05,554.2,25970079
2025-07-14,554,556.95,551.63,556.21,24522515
2025-07-15,560.26,560.8,556.66,556.72,28547536
2025-07-16,557.28,557.94,551.56,557.29,34247262
2025-07-17,557.99,562.31,557.21,561.8,25632099
2025-07-18,563.12,563.32,559.98,561.26,23964249
2025-07-21,562.09,566.06,562.06,564.17,24519315
2025-07-22,564.31,564.36,558.61,561.25,28780735
2025-07-23,562.34,563.84,559.58,563.81,25663509
2025-07-24,565.13,566.24,563.29,565.01,26924062
2025-07-25,564.93,567.7,564.27,566.37,19225652
2025-07-28,567.74,569.04,566.87,568.14,20834136
2025-07-29,570.77,572.11,566.53,567.26,29358740
2025-07-30,568.18,570.62,565.05,568.02,28513395
2025-07-31,574.54,574.63,563.87,565.01,39922895
2025-08-01,558.85,559.02,551.7,553.88,44381032
2025-08-04,559.05,564.32,558.95,564.1,30209238
2025-08-05,565.39,566.57,559.73,560.27,30693941
2025-08-06,561.11,567.76,560.63,567.32,27107067
2025-08-07,571.67,573.32,565.11,569.24,29840509
2025-08-08,570.43,574.77,570.15,574.55,23323526
2025-08-11,574.68,576.8,571.57,572.85,22453003
2025-08-12,575.16,580.35,572.48,580.05,27042716
2025-08-13,582.76,583.32,578.94,580.34,26298018
2025-08-14,578.28,581.88,577.91,579.89,28789411
2025-08-15,579.8,579.84,575.57,577.34,26381175
2025-08-18,576.44,577.77,575.24,577.11,20168687
2025-08-19,576.39,576.56,568.25,569.28,36696662
2025-08-20,568.32,568.45,558.84,565.9,51049940
2025-08-21,564.35,566.49,560.98,563.28,30975737
2025-08-22,564.65,573.99,563.27,571.97,34670763
2025-08-25,570.4,573.29,569.16,570.32,22272715
2025-08-26,569.83,572.92,568.8,572.61,21987246
2025-08-27,571.59,574.41,570.37,573.49,22674192
2025-08-28,574.11,578,572.46,577.08,31417265
2025-08-29,574.67,575.03,568.54,570.4,35251631
2025-09-02,561.31,565.97,559.53,565.62,46501192
2025-09-03,569.29,571.7,566.72,570.07,37177131
2025-09-04,570.74,575.6,569.02,575.23,31864813
2025-09-05,580.48,581.12,571.53,576.06,47401271
2025-09-08,578.37,580.84,577.77,578.87,31337511
2025-09-09,579.67,580.94,577.04,580.51,30907664
2025-09-10,583.74,583.77,578.55,580.7,35500744
2025-09-11,583.24,584.88,581.62,584.08,29768361
2025-09-12,585.04,587.86,584.1,586.66,33438620
2025-09-15,588.44,591.79,588.31,591.68,29398871
2025-09-16,592.61,592.86,590.49,591.18,24192079
2025-09-17,591.1,591.75,584.36,590,51173074
2025-09-18,594.91,598.14,592.96,595.32,39714116
2025-09-19,597.32,600.05,595.85,599.35,33359635
2025-09-22,597.74,602.87,597.72,602.2,33275682
2025-09-23,602.37,602.57,596.98,598.2,40977728
2025-09-24,599.57,599.9,593.36,596.1,34232059
2025-09-25,592.2,595.12,588.5,593.53,50842914
2025-09-26,594.35,596.3,591.06,595.97,37220959
2025-09-29,599.11,602.05,597.41,598.73,33055189
2025-09-30,598.45,600.71,596.1,600.37,29415810
2025-10-01,597.18,603.79,596.34,603.25,31638464
2025-10-02,607.06,607.16,602.93,605.73,25428192
2025-10-03,606.51,607.33,601.38,603.18,31372162
2025-10-06,608.43,609.36,605.97,607.71,27397955
2025-10-07,609.03,609.71,603.03,604.51,37652506
2025-10-08,605.41,611.75,605.26,611.44,33109632
2025-10-09,611.48,611.61,607.48,610.7,29734851
2025-10-10,611.4,613.18,589.05,589.5,52973098
2025-10-13,599.7,602.95,597.23,602.01,32821839
2025-10-14,595.3,602.69,590.13,598,34124469
2025-10-15,604.01,606.7,595.93,602.22,31963882
2025-10-16,605.1,608.31,595.5,599.99,35242000
2025-10-17,597.95,605.51,596.37,603.93,32719910
2025-10-20,607.14,612.8,607.1,611.54,25044382
2025-10-21,611.63,612.73,609.32,611.38,24899967
2025-10-22,610.82,611.41,599.74,605.49,37976136
2025-10-23,604.91,611.37,604.52,610.58,22885112
2025-10-24,615.99,618.42,615.13,617.1,29771455
2025-10-27,624.51,628.55,624.03,628.09,32922352
2025-10-28,630.36,634.68,629.25,632.92,32617443
2025-10-29,635.58,637.01,630.25,635.77,38256359
2025-10-30,632.15,633.5,625.99,626.05,32439276
2025-10-31,634.2,634.2,626.69,629.07,38898914
2025-11-03,635.12,635.82,629.85,632.08,25993820
2025-11-04,623.28,626.95,618.45,619.25,43293311
2025-11-05,618.5,626.6,617.21,623.28,33404819
2025-11-06,621.79,622.04,610.3,611.67,53751711
2025-11-07,608.31,609.95,598.67,609.74,61173875
2025-11-10,618.92,624.31,616.89,623.23,38662269
2025-11-11,620.58,622.72,617.52,621.57,32154547
2025-11-12,624.84,624.86,617.81,621.08,35426453
2025-11-13,617.54,618.12,606.08,608.4,52804682
2025-11-14,599.55,613.35,597.17,608.86,57103517
2025-11-17,606.3,612.48,599.87,603.66,49895412
2025-11-18,599.62,602.31,591.34,596.31,61582847
2025-11-19,597.07,606.16,594.59,599.87,52213086
2025-11-20,611.62,614.03,584.75,585.67,89791470
2025-11-21,587.47,596.98,580.74,590.07,72148419
2025-11-24,595.28,606.68,595.16,605.16,43844305
2025-11-25,603.51,610.27,597.32,608.89,45144935
2025-11-26,612.51,616.19,610.39,614.27,32030648
2025-11-28,616.11,619.24,615.41,619.25,16689080
2025-12-01,613.61,619.45,612.52,617.17,30767553
2025-12-02,619.46,623.75,617.59,622,43716423
2025-12-03,619.62,624.22,618.03,623.52,35414115
2025-12-04,624.92,624.94,619.54,622.94,37633116
2025-12-05,624.38,628.92,623.71,625.48,41362417
2025-12-08,627.18,628.84,621.69,624.28,33632076
2025-12-09,623.04,625.87,621.62,625.05,29753080
2025-12-10,623.84,629.21,620.99,627.61,42687776
2025-12-11,623.82,625.78,617.72,625.58,45937448
2025-12-12,622.08,623.54,611.36,613.62,59944004
2025-12-15,618.39,618.42,609.32,610.54,35063032
2025-12-16,608.26,613.51,606.91,611.75,39280352
2025-12-17,613.06,613.65,600.28,600.41,51141040
2025-12-18,609.75,612.93,606.92,609.11,58636294
2025-12-19,611.96,617.62,611.87,617.05,35080208
2025-12-22,621.36,621.65,617.77,619.21,33164824
2025-12-23,618.2,622.41,617.78,622.11,29800844
2025-12-24,622,624.28,621.72,623.93,13050923
2025-12-26,624.67,625.52,623.14,623.89,22410378
2025-12-29,620.13,622.78,618.73,620.87,24604977
2025-12-30,619.84,622.18,619.21,619.43,23446256
2025-12-31,619.65,619.96,614.05,614.31,29118649
2026-01-02,620.09,622.85,610.15,613.12,48623139
2026-01-05,619.3,620.81,616.72,617.99,35679293
2026-01-06,619.23,624.03,618.54,623.42,33514032
2026-01-07,623.04,627.94,622.56,624.02,35471231
2026-01-08,623.03,623.42,617.8,620.47,38775888
2026-01-09,621.41,627.89,619.06,626.65,37474231
2026-01-12,622.3,628.85,622.26,627.17,28423760
2026-01-13,627.27,629.47,623.69,626.24,33637954
2026-01-14,622.24,623.45,614.56,619.55,57422131
2026-01-15,626.61,630,620.75,621.78,39492362
2026-01-16,625.51,626.08,618.88,621.26,43956764
2026-01-20,610.52,615.06,607.05,608.06,62838698
2026-01-21,609.47,620.42,607.86,616.28,63448101
2026-01-22,622.4,622.46,617.78,620.76,32433582
2026-01-23,619.71,625.4,618.65,622.72,35230316
2026-01-26,623.21,627.61,622.12,625.46,26798070
2026-01-27,628.91,632.05,627.34,631.13,28682544
2026-01-28,635.46,636.6,631.81,633.22,36634223
2026-01-29,632.67,633.67,618.27,629.43,58410062
2026-01-30,625.7,628.26,619.29,621.87,50684226
2026-02-02,618.69,628.49,618.66,626.14,37434539
2026-02-03,628.25,629.98,610.96,616.52,63941843
2026-02-04,615.05,615.1,600.47,605.75,63301668
2026-02-05,600.21,604.81,594.91,597.03,64580412
2026-02-06,600.23,611.41,598.77,609.65,57606817
2026-02-09,607.54,616.46,605.07,614.32,43860064
2026-02-10,615.32,617.02,611.01,611.47,43710210
2026-02-11,616.39,617.52,607.69,613.11,45913592
2026-02-12,614.71,615.81,599.56,600.64,66158578
2026-02-13,600.42,606.48,596.42,601.92,52078404
2026-02-17,598.4,603.95,593.34,601.3,54667989
2026-02-18,602.11,609.78,600.72,605.79,51904081
2026-02-19,602.81,605.82,600.75,603.47,44293589
2026-02-20,600.12,610.35,599.23,608.81,57552464
2026-02-23,606.63,608.01,599.05,601.41,51033108
2026-02-24,602.33,608.99,599.73,607.87,44135196
2026-02-25,611.11,616.83,611,616.68,40861038
2026-02-26,615.59,615.59,603.98,609.24,74330634
2026-02-27,602.98,608.32,602.19,607.29,53971233
2026-03-02,598.88,609.92,597.99,608.09,61851908
2026-03-03,596.33,603.96,591.87,601.58,76993656
2026-03-04,604.16,612.88,603.43,610.75,55296445
2026-03-05,607.39,612.76,602.26,608.91,74339087
2026-03-06,600.31,606,598.33,599.75,69078074
2026-03-09,594.2,609.27,591.33,607.76,75985573
2026-03-10,607.78,613.29,605.42,607.77,51063304
2026-03-11,608.96,612.43,605.03,607.69,46097321
2026-03-12,602.73,604.14,597.05,597.26,56998456
2026-03-13,599.76,603.6,592.57,593.72,48964927
2026-03-16,600.04,603.86,599.11,600.38,38027010
2026-03-17,603.14,605.9,601.87,603.31,35989795
2026-03-18,601.49,603.16,594.56,594.9,39279592
2026-03-19,589.51,595.8,587.08,593.02,57476351
2026-03-20,591.1,591.17,578.54,582.06,60529181
2026-03-23,590.52,595.08,585.96,588,65429293
2026-03-24,584.81,587.93,581.93,583.98,42031522
2026-03-25,589.14,591.37,585.69,587.82,46400269
2026-03-26,582.59,584.63,573.43,573.79,63329117
2026-03-27,570.8,571.02,561.57,562.58,64242342
2026-03-30,567.38,568.05,555.6,558.28,55062761
2026-03-31,564.29,578.64,564.21,577.18,73171430
2026-04-01,581.49,587.74,580.42,584.31,62411869
2026-04-02,573.97,586.05,571.92,584.98,41212333
2026-04-06,586.21,590.61,584.69,588.5,26323452
2026-04-07,585.63,588.98,578.4,588.59,35113017
2026-04-08,608.71,609.9,602.12,606.09,43755131
2026-04-09,605.93,610.5,603.03,610.19,28745695
2026-04-10,611.82,613.67,609.58,611.07,23159909
2026-04-13,609.47,626.74,608.11,617.39,23168620
2026-04-14,620.23,628.6,620.1,628.6,35169953
2026-04-15,629.08,637.83,628.2,637.4,36368500
2026-04-16,639.24,642.18,635.25,640.47,28531163
2026-04-17,645.53,650,644.07,648.85,32879476
2026-04-20,648.04,648.76,642.52,646.79,22466638
2026-04-21,648.41,650.2,642.21,644.33,27469438
2026-04-22,650.15,655.33,648.52,655.11,23934386
2026-04-23,653.49,656.92,645.52,651.42,29465692
2026-04-24,658.51,664.51,656.53,663.88,28529703
2026-04-27,663.4,664.43,660.69,664.23,20303071
2026-04-28,657.46,659.64,653.81,657.55,22684140
2026-04-29,658.62,661.72,656.58,661.57,20443927
2026-04-30,665.39,668.9,657.56,667.74,27882983
2026-05-01,669.14,675.97,668.8,674.15,27333856
2026-05-04,674.66,676.73,668.9,672.88,23036837
2026-05-05,677.97,682.78,677.51,681.61,19273280
2026-05-06,687.75,695.93,686.48,695.77,26483279
2026-05-07,696.58,701.24,691.77,694.94,32092536
2026-05-08,699.92,711.14,699.5,711.23,27812920
2026-05-11,710.34,714.59,708.91,713.29,24299520
2026-05-12,708.2,710.18,696.64,707.24,32117970
2026-05-13,709.97,716.65,704.83,714.71,25317818
2026-05-14,714.62,722.03,714.22,719.79,24392289
2026-05-15,710.15,715.13,705.55,708.93,29783174
2026-05-18,711.54,712.07,698.85,705.88,34313196
2026-05-19,699.84,706.49,695.25,701.53,35542703
2026-05-20,705.29,713.13,703.79,713.15,24835335
2026-05-21,708.99,717.12,706.77,714.51,26392535
2026-05-22,718.08,722.12,715.95,717.54,22240102
2026-05-26,725.96,731.17,724.16,730.28,24023721
2026-05-27,732.96,733.32,725.44,729.45,24910337
2026-05-28,729.73,736.6,726.41,735.6,22148936
2026-05-29,737.84,741.63,735.25,738.31,24535988
2026-06-01,737.05,745.65,735.99,742.74,22583789
2026-06-02,742.4,746.44,739.23,746.16,19720069
2026-06-03,747.31,748.65,741.01,744.21,27536385
2026-06-04,735.48,743.5,732.62,740.61,25939319
2026-06-05,730.06,731.69,704.32,705.06,62847113
2026-06-08,717.8,723.03,713.07,716.07,30525970
2026-06-09,722.98,725.66,686.37,707.83,69761659
2026-06-10,701.66,711.28,692.93,693.69,43518807
2026-06-11,699.29,718.38,695,717.12,49807923
2026-06-12,717.61,724.01,711.28,721.34,35383205
2026-06-15,738.08,744.76,737.38,744,24694113
2026-06-16,742.25,744.22,729.64,729.86,30580144
2026-06-17,735.19,735.68,720.85,722.51,33332316
2026-06-18,737.2,741.82,732.51,740.62,26346193
2026-06-22,742.02,745.45,734.39,737.95,21926002
2026-06-23,715.74,723.61,712.11,713.65,35536634
2026-06-24,715.4,719.93,704.45,710.62,30179645
2026-06-25,725.9,726.79,705.3,716.38,35771742
2026-06-26,707.13,715.56,702.81,706.52,25676564
2026-06-29,713.99,724.58,705.17,724.08,29594121
2026-06-30,724.18,737.62,723.91,736.4,26322302
2026-07-01,729.18,731.92,724.6,725.17,25793200
2026-07-02,725.56,730.83,707.56,712.6,33767735
2026-07-06,719.84,726.08,718.45,722.82,20915592
2026-07-07,714.17,716.35,704.9,709.43,28968299
2026-07-08,704.95,712.26,700.91,711.44,24722302
2026-07-09,718.33,724.23,715.12,723.28,21293827
2026-07-10,720.7,726.39,717,725.51,18128521
2026-07-13,717.72,718.74,710.08,711.74,25039712
2026-07-14,720.22,722.29,714.34,719.69,17866387
2026-07-15,723.85,724.36,710.23,717.74,22306582
2026-07-16,712.01,713.6,702.61,705.94,24329014
2026-07-17,691.54,702.3,686.76,695.33,31741941
2026-07-20,702.16,705.8,695.51,696.06,19988903
2026-07-21,706.59,710.05,702.8,708.97,19998846
2026-07-22,703.56,709.65,703.56,705.35,15203693
2026-07-23,694.67,698.66,687.79,691.96,27516571
2026-07-24,690.44,692.63,682.48,684.23,28715876
2026-07-27,691.68,692.3,675.94,682.12,29720231
2026-07-28,676.29,679.4,667.88,675.49,31910772
2026-07-29,675.51,680.05,661.14,661.73,37607939
2026-07-30,674.75,685.12,673.3,683.55,36365731
2026-07-31,692.11,695.77,680.05,687.99,32764400
2026-08-03,688.3,701.59,685.82,700.07,28105086
2026-08-04,708.21,725.66,707.59,723.85,34994453
2026-08-05,726.23,728.54,716.92,717.3,21775201
2026-08-06,710.76,719.32,708.5,714.65,23091797
2026-08-07,720.15,723.63,716.51,723.03,22311216
2026-08-10,722.39,724.67,720.33,720.87,17363164
2026-08-11,723.29,723.38,715.5,718.45,19360452
2026-08-12,727.08,727.25,722.92,723.7,17296757
2026-08-13,725.15,733.96,724.03,732.07,21393888
2026-08-14,733.41,734.39,728.32,731.07,16186014
2026-08-17,732.93,734.58,729.27,729.87,18513004
2026-08-18,720.22,722.13,715.92,717.51,31682613
2026-08-19,720.39,721.5,712.61,716.08,24290243
2026-08-20,712.09,714.94,708.52,710.93,22123164
2026-08-21,715.22,715.68,709.2,713.44,19184107
2026-08-24,709.66,709.79,702.7,706.32,25037140
2026-08-25,711.22,714.04,707.46,710.72,17357480
2026-08-26,708.41,713.02,707.97,711.37,12875377
2026-08-27,716.94,721.35,714.52,721.11,18892516
2026-08-28,719.76,724.13,715.08,716.43,23237744
2026-08-31,715.17,717.58,713.16,716.76,14781759
2026-09-01,707.37,712.3,704.66,707.64,21073378
2026-09-02,707.09,709.8,705.1,709.24,14122520
2026-09-03,710.85,718.92,709.69,717.67,19682124
2026-09-04,719.35,721.86,716.56,718.96,22812905
2026-09-08,720.91,721.89,715.57,718.36,18395576
2026-09-09,716.4,719.7,714.02,716.31,17866238
2026-09-10,707.56,712.06,706.85,708.69,20291818
2026-09-11,715.66,717.63,713.63,714.88,16634006
2026-09-14,703.33,712.95,702.74,709.18,22992858
2026-09-15,708.79,709.53,703.63,704.54,17486876
2026-09-16,708,711.88,700,704.72,26443562
2026-09-17,715.98,718.05,713.32,716.92,20524382
2026-09-18,718.79,721.73,715.08,721.45,23786343
2026-09-21,727.87,743.22,727.81,741.47,27626013
2026-09-22,740.98,748.35,740.93,747.46,20829343
2026-09-23,746.97,747.12,738.19,741.21,22074009
2026-09-24,735.29,742.66,734.62,741.1,18229200
2026-09-25,742.86,745.92,739.64,744.5,19629083
2026-09-28,740.46,741.42,731.63,736.53,24647561
2026-09-29,740.13,740.58,735.34,737.93,15337740
2026-09-30,740.19,745.1,739.46,739.77,17531345
2026-10-01,742.58,744.67,736.25,742.03,22387226
2026-10-02,751.31,754.54,747.53,749.58,21464390
2026-10-05,749.35,756.92,749.08,756.2,16484134
2026-10-06,760.5,762.86,759.1,759.66,17293937
2026-10-07,753.8,758.3,751.75,757.73,13312378
