rank,lev_range,min_gap,base_date,end_date,bench_return,lev_return,vol,pos_days
1,0.089677580848,0.024471376732519978,2022-06-17,2022-07-19,0.08595143616440315,0.25901427211494865,0.2691642751362375,12
1,0.089677580848,0.024471376732519978,2023-05-02,2023-05-31,0.08957981088358724,0.28348564884746863,0.17612464321403692,12
1,0.089677580848,0.024471376732519978,2025-04-03,2025-05-02,0.08469799849110138,0.19380806799969963,0.5692386087293756,12
2,0.089677580848,0.011121165762413288,2023-03-09,2023-04-06,0.0867559625503993,0.27236448308505534,0.1873879513934404,12
2,0.089677580848,0.011121165762413288,2023-05-02,2023-05-31,0.08957981088358724,0.28348564884746863,0.17612464321403692,12
2,0.089677580848,0.011121165762413288,2025-04-03,2025-05-02,0.08469799849110138,0.19380806799969963,0.5692386087293756,12
3,0.089677580848,0.005296174452503077,2022-12-29,2023-01-30,0.08943852274433306,0.27818947439496555,0.21821810837630465,12
3,0.089677580848,0.005296174452503077,2023-05-02,2023-05-31,0.08957981088358724,0.28348564884746863,0.17612464321403692,12
3,0.089677580848,0.005296174452503077,2025-04-03,2025-05-02,0.08469799849110138,0.19380806799969963,0.5692386087293756,12
4,0.089677580848,0.003426783015099133,2023-05-02,2023-05-31,0.08957981088358724,0.28348564884746863,0.17612464321403692,12
4,0.089677580848,0.003426783015099133,2025-04-03,2025-05-02,0.08469799849110138,0.19380806799969963,0.5692386087293756,12
4,0.089677580848,0.003426783015099133,2026-04-22,2026-05-20,0.08859580833753133,0.2800588658323695,0.174624047620513,12
5,0.089677580848,0.0028167066769178017,2023-05-02,2023-05-31,0.08957981088358724,0.28348564884746863,0.17612464321403692,12
5,0.089677580848,0.0028167066769178017,2025-04-03,2025-05-02,0.08469799849110138,0.19380806799969963,0.5692386087293756,12
5,0.089677580848,0.0028167066769178017,2026-04-21,2026-05-19,0.08877438579609809,0.28066894217055083,0.1747801787353819,12
