date,bench,lev,daily_return,day,window
2022-06-17,100.0,100.0,0.0,0,1
2022-06-21,102.326258691616,106.978776074848,0.02326258691616001,1,1
2022-06-22,102.17699952673924,106.5106392647866,-0.0014586594563824606,2,1
2022-06-23,103.6987149149951,111.26940727127264,0.014892934763245158,3,1
2022-06-24,107.25181113254942,122.70689452738237,0.03426364753378963,4,1
2022-06-27,106.46547016636936,120.0079342865981,-0.007331726689521867,5,1
2022-06-28,103.22181368087664,109.03918036804534,-0.030466746452384896,6,1
2022-06-29,103.31646583421312,109.33914002342755,0.0009169782041333896,7,1
2022-06-30,102.0350212967345,105.27070690627671,-0.01240310077519391,8,1
2022-07-01,102.70850777239798,107.35523817261694,0.006600542314828095,9,1
2022-07-05,104.46685354399506,112.86892831943302,0.0171197674830752,10,1
2022-07-06,105.13669955222251,115.04008975072408,0.006412043490382047,11,1
2022-07-07,107.38650842768212,122.42528110799007,0.021398891966758926,12,1
2022-07-08,107.52120572281481,122.88596339841611,0.0012543223269374515,13,1
2022-07-11,105.22407077068696,115.00977823798944,-0.021364482816996766,14,1
2022-07-12,104.20473988860171,111.66739608604121,-0.009687240520343199,15,1
2022-07-13,103.98995230987657,110.97688710381544,-0.002061207378423857,16,1
2022-07-14,104.3612799883505,112.16571705143554,0.003570803430771985,17,1
2022-07-15,106.25432305508025,118.2695478882946,0.018139323961349207,18,1
2022-07-18,105.35512759838359,115.26691880736037,-0.008462671737417438,19,1
2022-07-19,108.59514361644031,125.90142721149486,0.030753282653766423,20,1
2023-05-02,100.0,100.0,0.0,0,2
2023-05-03,99.34560711378296,98.03682134134888,-0.006543928862170367,1,2
2023-05-04,98.99492767236522,96.99864264139954,-0.0035298937880172687,2,2
2023-05-05,101.09900432087171,103.1835831343325,0.021254388461903417,3,2
2023-05-08,101.34948963617009,103.95053348746328,0.0024776239586237203,4,2
2023-05-09,100.70762101571798,101.97550867684848,-0.006333220056226718,5,2
2023-05-10,101.80349427014843,105.30451887802654,0.010881731127969196,6,2
2023-05-11,102.1353873129188,106.33443943542372,0.0032601340960816128,7,2
2023-05-12,101.76905253929492,105.19025218092237,-0.0035867565910484567,8,2
2023-05-15,102.32012023295138,106.89903146749675,0.005414884779866513,9,2
2023-05-16,102.43596969127691,107.26213292387219,0.0011322255882983967,10,2
2023-05-17,103.67587200200393,111.15708994531607,0.012104169213840166,11,2
2023-05-18,105.60147786336029,117.35076084858704,0.018573326890553243,12,2
2023-05-19,105.36351681382683,116.55745063797009,-0.0022533874936994103,13,2
2023-05-22,105.7173273216858,117.73164979301067,0.003357998276425578,14,2
2023-05-23,104.3772308848394,113.25447178287489,-0.012676223196303682,15,2
2023-05-24,103.8418185233891,111.51162488988784,-0.005129589632829501,16,2
2023-05-25,106.36858914146163,119.65182220206694,0.024332881049299093,17,2
2023-05-26,109.08635481244914,128.8232970935711,0.025550453314494126,18,2
2023-05-30,109.58106331016349,130.57594470615305,0.0045350172215845586,19,2
2023-05-31,108.95798108835872,128.34856488474685,-0.005686039202240201,20,2
2025-04-03,100.0,100.0,0.0,0,3
2025-04-04,93.78910930635068,81.36732791905204,-0.06210890693649318,1,3
2025-04-07,94.01544401544402,81.95640219314839,0.002413230179572734,2,3
2025-04-08,92.32237163271645,77.52867898466775,-0.018008449573980956,3,3
2025-04-09,103.40389650734478,105.44615888055517,0.12003076479353947,4,3
2025-04-10,99.00590245417831,91.99159105429379,-0.04253218884120169,5,3
2025-04-11,100.8298939333422,97.0758902954047,0.018423057958671274,6,3
2025-04-14,101.51333599609463,99.0498806702497,0.006778169014084678,7,3
2025-04-15,101.62650335064127,99.38114393296166,0.0011148028329106552,8,3
2025-04-16,98.56210890693649,90.3910769159032,-0.030153496801240243,9,3
2025-04-17,98.54435716504682,90.34223667442495,-0.00018010716376237745,10,3
2025-04-21,96.105711622953,83.63522576887262,-0.02474667867597391,11,3
2025-04-22,98.62867793902277,90.22199945448655,0.02625199141095802,12,3
2025-04-23,100.86539741712156,96.36021324026693,0.022678185745140356,13,3
2025-04-24,103.70345715173302,104.49410399622667,0.02813709961281252,14,3
2025-04-25,104.85953934229795,107.98879287064842,0.011147961912913118,15,3
2025-04-28,104.82625482625481,107.88595945945873,-0.00031742001015744314,16,3
2025-04-29,105.51857275995202,110.02353609953941,0.006604432590334497,17,3
2025-04-30,105.50525895353478,109.98188943897563,-0.0001261750047314436,18,3
2025-05-01,106.88323791772063,114.29123093317737,0.01306076093128894,19,3
2025-05-02,108.46979984911013,119.38080679996996,0.014843879754193656,20,3
