base_date,mid_date,end_date,r1,r2,qqq_return,ideal_plus3,ideal_minus3,tqqq_return,sqqq_return
2025-04-17,2025-04-21,2025-04-22,-0.02474667867597391,0.02625199141095802,0.0008556631389327052,-0.0013309081595103134,-0.010362784569415084,-0.0022143489813993833,-0.009316770186335366
2025-02-06,2025-02-07,2025-02-10,-0.012613293051359609,0.012105102118870947,-0.0006608761329305324,-0.0028987396014436007,0.00015040599348847827,-0.004301825369143142,0.0025143678160919336
2024-07-24,2024-07-25,2024-07-26,-0.011027666278216608,0.010255962642110594,-0.0008848029694850101,-0.0033330049087295643,0.0012972169079066287,-0.005653170359052773,0.004415011037527394
2025-08-29,2025-09-02,2025-09-03,-0.008380084151472622,0.00786747286163858,-0.0005785413744738843,-0.0021312046312617072,0.0009444631077424326,-0.002797672336615986,0.0022284122562674646
2023-02-28,2023-03-01,2023-03-02,-0.008039242403597213,0.008276098901099038,0.0001703229322795874,0.00011176740550666864,-0.0013093715795042815,-0.0009037505648440414,0.0
2024-11-26,2024-11-27,2024-11-29,-0.007873397341501276,0.008786859291509908,0.0008442795154228744,0.0021177439387525254,-0.0033630277612991533,0.0007515971439309155,-0.0012262415695891704
2026-03-23,2026-03-24,2026-03-25,-0.0068367346938774665,0.006575567656426751,-0.00030612244897954,-0.0011880998161097889,0.0003789024085942838,-0.004038590980480095,-0.006711409395973256
2025-10-13,2025-10-14,2025-10-15,-0.006661018919951522,0.007056856187291016,0.00034883141476060864,0.0007644591288080704,-0.0016105644752288928,-0.00029061319383905104,-0.0006657789613847553
2022-09-15,2022-09-16,2022-09-19,-0.006114737203710141,0.0059795382275682485,-0.0001717622810031294,-0.0007346666721756989,7.652718467543451e-05,0.003985651654045519,-0.004570004154549001
2024-06-27,2024-06-28,2024-07-01,-0.005190922115404617,0.0058650414309866505,0.0006436743423101632,0.0017483531872992675,-0.0022963627061930447,0.00039999999999995595,-0.0012300123001229846
2025-07-21,2025-07-22,2025-07-23,-0.005175744899586943,0.004561247216035458,-0.0006381055355655363,-0.002055963718781806,0.001631022382527103,-0.002611558987169138,0.002714440825190012
2025-09-24,2025-09-25,2025-09-26,-0.004311357154839879,0.004110996916752319,-0.00021808421405800082,-0.0007605964979977564,0.0004415649305276048,-0.0015777536732077824,0.0012878300064391723
2025-03-19,2025-03-20,2025-03-21,-0.0033895485454054075,0.003296749154947154,-0.000103973881760977,-0.00037896859309927144,0.00017782774965025006,-0.000964010282776373,0.0
2024-03-25,2024-03-26,2024-03-27,-0.0032377012321251897,0.0034061174772173075,0.00015738825433930792,0.00040599681850150837,-0.0006045006520510876,-0.0006452653653814533,0.0009624639076035724
2023-11-29,2023-11-30,2023-12-01,-0.0025140453041225808,0.002854718000154355,0.0003334958056488979,0.0009574260746494367,-0.0010866101015412077,0.0,0.0
2025-12-05,2025-12-08,2025-12-09,-0.0019185265715930822,0.0012334209008777464,-0.0006874720214875563,-0.0020766141690966577,0.002034019855195357,-0.002493321460373954,0.003007971123477171
2024-09-19,2024-09-20,2024-09-23,-0.0019033432638199121,0.0012436779703175471,-0.0006620324395895105,-0.0020003001952916266,0.0019576915657224525,0.0009917823746103949,0.0012886597938144284
2024-03-27,2024-03-28,2024-04-01,-0.0018434008497628662,0.0021170694353731534,0.0002697659780139805,0.0007858822884652117,-0.0008561292251962893,-0.00016142050040368616,0.0009615384615382361
2025-07-28,2025-07-29,2025-07-30,-0.0015489140000704005,0.0013397736487676948,-0.00021121554546410515,-0.0006460978013616003,0.0006087443064546338,-0.0010024504343951746,0.0011061946902655162
2024-10-09,2024-10-10,2024-10-11,-0.00113555713271829,0.0015631661219270843,0.0004258339247693588,0.0012668513876719079,-0.0012988025475807463,-0.0009412397472099432,0.0
2023-08-31,2023-09-01,2023-09-05,-0.0010582290536788053,0.0012712201064646322,0.00021164581073573885,0.0006268659799049114,-0.0006510803368099394,-0.0009425070688029447,0.000564652738565874
