window,date,r,growth_factor_levered,growth_factor_cubed,contribution_D,share_of_D,second_order_contribution,share_of_sum_sq
1,2022-06-21,0.02326258691616001,1.06978776074848,1.0714237930997978,-0.001528137345186531,0.08967723118685293,-0.0016234438500956968,0.09287414404547738
1,2022-06-22,-0.0014586594563824606,0.9956240216308526,0.9956304015895103,-6.407979395646121e-06,0.0003760459434579181,-6.383062229081927e-06,0.00036516288560276103
1,2022-06-23,0.014892934763245158,1.0446788042897355,1.0453475060528936,-0.0006398979598168514,0.03755177992295368,-0.0006653985175868284,0.03806618736235528
1,2022-06-24,0.03426364753378963,1.102790942601369,1.1063531606663237,-0.003224978530902839,0.18925468067342424,-0.0035219926269593046,0.20148651925599162
1,2022-06-27,-0.007331726689521867,0.9780048199314344,0.978165688468962,-0.00016447292012573486,0.00965193091350826,-0.00016126264874954181,0.009225530324462602
1,2022-06-28,-0.030466746452384896,0.9085997606428453,0.9113561486372213,-0.0030290734933463986,0.17775818698523843,-0.0027846679181817227,0.1593055708928793
1,2022-06-29,0.0009169782041333896,1.0027509346124002,1.002753457930521,-2.5163925147027484e-06,0.00014767200998567256,-2.522547080567089e-06,0.000144310134845918
1,2022-06-30,-0.01240310077519391,0.9627906976744183,0.9632503003462538,-0.00047725119146630607,0.02800701492319119,-0.0004615107265188473,0.026402153478063156
1,2022-07-01,0.006600542314828095,1.0198016269444843,1.0199326159879094,-0.0001284373629152659,0.007537219820889924,-0.0001307014765495087,0.00747718361759177
1,2022-07-05,0.0171197674830752,1.0513593024492256,1.0522435793369318,-0.0008407261156067672,0.04933718194347903,-0.0008792593160236768,0.05030075808590316
1,2022-07-06,0.006412043490382047,1.0192361304711461,1.0193597370030045,-0.00012126634217403398,0.007116395549509609,-0.00012334290516765234,0.007056213703266019
1,2022-07-07,0.021398891966758926,1.0641966759002768,1.065580212454266,-0.0012992316295402026,0.07624412529053566,-0.0013737377322150593,0.07858893057183847
1,2022-07-08,0.0012543223269374515,1.0037629669808124,1.003767688927768,-4.704233971939819e-06,0.0002760633255822959,-4.719973499561349e-06,0.00027002073318597167
1,2022-07-11,-0.021364482816996766,0.9359065515490097,0.9372661232985288,-0.001451624835785259,0.08518717012272352,-0.0013693233781132503,0.07833639374483642
1,2022-07-12,-0.009687240520343199,0.9709382784389704,0.9712188972495501,-0.0002889764186393001,0.016958295786366026,-0.0002815278866969375,0.0161056765223934
1,2022-07-13,-0.002061207378423857,0.9938163778647284,0.9938291148351032,-1.2816138915774412e-05,0.0007521024573432136,-1.274572757060685e-05,0.000729158903948033
1,2022-07-14,0.003570803430771985,1.010712410292316,1.0107507077337585,-3.7890813941206594e-05,0.0022235850019415933,-3.8251911423638937e-05,0.002188319313516429
1,2022-07-15,0.018139323961349207,1.0544179718840476,1.0554110455791699,-0.0009413784342146847,0.05524386387473778,-0.0009871052213243324,0.05647041781452118
1,2022-07-18,-0.008462671737417438,0.9746119847877477,0.9748262291569748,-0.00021980113917653699,0.012898812816240621,-0.00021485043880585162,0.012291186172353578
1,2022-07-19,0.030753282653766423,1.0922598479612993,1.0951262265029786,-0.0026208269457694833,0.15380064145203848,-0.002837293181947352,0.16231616243696761
2,2023-05-03,-0.006543928862170367,0.9803682134134889,0.9804964021976502,-0.00013074720541481413,0.01676925174220773,-0.00012846901485943907,0.015752823790801854
2,2023-05-04,-0.0035298937880172687,0.9894103186359482,0.9894476551034056,-3.773536853814499e-05,0.004839827303333253,-3.73804504640487e-05,0.004583577215293731
2,2023-05-05,0.021254388461903417,1.0637631653857103,1.065128014121726,-0.001282215771427668,0.1644532209364027,-0.0013552470866684792,0.16617990394527835
2,2023-05-08,0.0024776239586237203,1.0074328718758712,1.0074513029465053,-1.82949182539029e-05,0.002346452368365868,-1.841586144103882e-05,0.002258146219568306
2,2023-05-09,-0.006333220056226718,0.9810003398313198,0.9811204148367554,-0.00012239308442126354,0.015697776772006653,-0.00012032902884177708,0.014754701671346689
2,2023-05-10,0.010881731127969196,1.0326451933839076,1.0330017181292654,-0.0003451942797298921,0.04427360231826998,-0.0003552362170242413,0.04355893549130584
2,2023-05-11,0.0032601340960816128,1.0097804022882448,1.0098123223614697,-3.161040623478155e-05,0.004054257665720207,-3.188542297330162e-05,0.003909778946644589
2,2023-05-12,-0.0035867565910484567,0.9892397302268546,0.9892782785523968,-3.896686851066408e-05,0.004997775865171919,-3.859446853028864e-05,0.004732439668214786
2,2023-05-15,0.005414884779866513,1.0162446543395995,1.0163327760408503,-8.67093179219916e-05,0.01112108190776101,-8.796293153769005e-05,0.010785982613408272
2,2023-05-16,0.0011322255882983967,1.0033966767648952,1.003400524020683,-3.834224789884492e-06,0.0004917663863926953,-3.845804348392951e-06,0.00047157112787404946
2,2023-05-17,0.012104169213840166,1.0363125076415205,1.0367538137714671,-0.0004257520678952395,0.05460570712505534,-0.0004395327370718281,0.053895344063756775
2,2023-05-18,0.018573326890553243,1.0557199806716597,1.0567612932992032,-0.0009858669278772839,0.126444390497221,-0.0010349054153500445,0.1268997249336192
2,2023-05-19,-0.0022533874936994103,0.9932398375189018,0.993255059342342,-1.5325308375647995e-05,0.0019655789457438573,-1.5233265590282729e-05,0.001867897476016006
2,2023-05-22,0.003357998276425578,1.0100739948292767,1.0101078611518506,-3.352799400384819e-05,0.004300201829002595,-3.382845727343145e-05,0.004148033104527861
2,2023-05-23,-0.012676223196303682,0.961971330411089,0.9624513534150126,-0.0004988748240327273,0.06398421660725238,-0.00048205990356752263,0.05911000972350162
2,2023-05-24,-0.005129589632829501,0.9846112311015115,0.9846900341976144,-8.003152949071293e-05,0.010264608418097983,-7.893806940369568e-05,0.00967935730699768
2,2023-05-25,0.024332881049299093,1.0729986431478973,1.07478931768202,-0.0016674597136054209,0.21386347508327477,-0.0017762673004780168,0.21780524915216634
2,2023-05-26,0.025550453314494126,1.0766513599434824,1.078626516928876,-0.0018328565049802459,0.23507678073763486,-0.001958476993728432,0.24014773534535716
2,2023-05-30,0.0045350172215845586,1.0136050516647537,1.0136668440772467,-6.09611494561315e-05,0.007818697604135498,-6.169914360020559e-05,0.007565526506456331
2,2023-05-31,-0.005686039202240201,0.9829418823932794,0.9830386916831365,-9.848448271752505e-05,0.01263132988694963,-9.699312542823713e-05,0.011893261697864579
3,2025-04-04,-0.06210890693649318,0.8136732791905205,0.8250062420308809,-0.01383204389065315,0.20720126025462393,-0.011572548962537912,0.15512982036647133
3,2025-04-07,0.002413230179572734,1.0072396905387182,1.007257175632297,-1.7359266100587523e-05,0.00026003834585629427,-1.747103969880195e-05,0.00023419898752333814
3,2025-04-08,-0.018008449573980956,0.9459746512780571,0.9469417238293911,-0.0010217806218906778,0.015306070038034317,-0.0009729127681758446,0.013041878971343407
3,2025-04-09,0.12003076479353947,1.3600922943806184,1.4050437772512245,-0.03251589952573075,0.48708169329890716,-0.04322215349076598,0.5793922262571385
3,2025-04-10,-0.04253218884120169,0.8724034334763949,0.8777534545588438,-0.0061137807514033415,0.09158321695807,-0.005426961262870925,0.07274832265305328
3,2025-04-11,0.018423057958671274,1.0552691738760138,1.0562936540225274,-0.0009703525875375679,0.014535688334894761,-0.0010182271936456828,0.013649318067596256
3,2025-04-14,0.006778169014084678,1.020334507042254,1.0204726491811222,-0.00013537990462050842,0.002027963985096606,-0.00013783072555049298,0.0018476185121224405
3,2025-04-15,0.0011148028329106552,1.003344408498732,1.0033481382402614,-3.7173024193450782e-06,5.568444924877204e-05,-3.7283560687968666e-06,4.997854915861682e-05
3,2025-04-16,-0.030153496801240243,0.9095395095962793,0.9122397931388124,-0.002964448565176303,0.04440684858436617,-0.002727700108027217,0.03656477316636632
3,2025-04-17,-0.00018010716376237745,0.9994596785087129,0.9994597758186418,-9.736253122390875e-08,1.4584713098550951e-06,-9.731577131558355e-08,1.3045162454599227e-06
3,2025-04-21,-0.02474667867597391,0.9257599639720783,0.9275820034694156,-0.001966221146825764,0.029453600840356545,-0.0018371943164757053,0.024627558303341644
3,2025-04-22,0.02625199141095802,1.078755974232874,1.0808415673995542,-0.0019314652613213468,0.028932964603607253,-0.002067501159123041,0.027714817579124834
3,2025-04-23,0.022678185745140356,1.068034557235421,1.069589120954888,-0.0014544786431638507,0.021787800144317977,-0.0015429003260732618,0.020682552409320258
3,2025-04-24,0.02813709961281252,1.0844112988384376,1.0868086640020573,-0.0022083125421723665,0.033080081685064724,-0.0023750891238640036,0.03183802897115422
3,2025-04-25,0.011147961912913118,1.0334438857387394,1.0338181023390483,-0.00036204081200605365,0.005423299196003308,-0.0003728311644352845,0.004997795364970662
3,2025-04-28,-0.00031742001015744314,0.9990477399695277,0.9990480422039344,-3.025224410576309e-07,4.5317258633630905e-06,-3.0226638854505394e-07,4.0518757543915326e-06
3,2025-04-29,0.006604432590334497,1.0198132977710035,1.0199444414361643,-0.00012858749136798395,0.00192621498854778,-0.0001308555895208173,0.0017541169332725211
3,2025-04-30,-0.0001261750047314436,0.9996214749858057,0.9996215227441924,-4.777647018251122e-08,7.156819997529909e-07,-4.776039545693945e-08,6.402272819800462e-07
3,2025-05-01,0.01306076093128894,1.0391822827938668,1.0396962611721798,-0.0004944765919851421,0.007407160780842123,-0.0005117504283128505,0.006860005714698414
3,2025-05-02,0.014843879754193656,1.044531639262581,1.0451959322728896,-0.00063576998431078,0.009523707632989277,-0.000661022298470881,0.008860992574062209
